player,team,position,age,games,games_started,passing_completions,passing_attempts,passing_yards,passing_touchdowns,interceptions,rushing_attempts,rushing_yards,yards_per_attempt,rushing_touchdowns,targets,receptions,receiving_yards,yards_per_reception,receiving_touchdowns,fumbles,fumbles_lost,total_touchdowns,two_point_conversions_made,two_point_conversion_attempts,fantasy_points,ppr_points,draft_kings_points,fan_duel_points,value_based_draft,position_rank,overall_rank
Terrell Davis,DEN,RB,26.0,16,16,0,0,0,0,0,392,2008,5.12,21,38.0,25,217,8.68,2,2,2,23,0.0,0.0,357.0,381.5,389.5,369.0,233.0,1.0,1.0
Jamal Anderson,ATL,RB,26.0,16,16,0,2,0,0,0,410,1846,4.5,14,46.0,27,319,11.81,2,5,2,16,1.0,0.0,311.0,337.5,345.5,324.0,187.0,2.0,2.0
Steve Young,SFO,QB,37.0,15,15,322,517,4170,36,12,70,454,6.49,6,0.0,0,0,0.0,0,9,6,6,0.0,4.0,364.0,364.2,388.2,376.2,168.0,1.0,3.0
Marshall Faulk,IND,RB,25.0,16,15,0,0,0,0,0,324,1319,4.07,6,106.0,86,908,10.56,4,3,2,10,0.0,0.0,279.0,364.7,372.7,321.7,155.0,3.0,4.0
Fred Taylor,JAX,RB,22.0,15,12,0,0,0,0,0,264,1223,4.63,14,53.0,44,421,9.57,3,3,2,17,0.0,0.0,262.0,306.4,314.4,284.4,139.0,4.0,5.0
Garrison Hearst,SFO,RB,27.0,16,16,0,0,0,0,0,310,1570,5.06,7,56.0,39,535,13.72,2,4,3,9,1.0,0.0,261.0,299.5,308.5,280.0,137.0,5.0,6.0
Randy Moss,MIN,WR,21.0,16,11,0,0,0,0,0,1,4,4.0,0,124.0,69,1313,19.03,17,2,0,17,2.0,0.0,238.0,306.7,309.7,272.2,113.0,1.0,7.0
Emmitt Smith,DAL,RB,29.0,16,16,0,0,0,0,0,319,1332,4.18,13,32.0,27,175,6.48,2,3,2,15,0.0,0.0,237.0,263.7,271.7,250.2,113.0,6.0,8.0
Antonio Freeman,GNB,WR,26.0,15,15,0,0,0,0,0,3,5,1.67,0,153.0,84,1424,16.95,14,0,0,14,1.0,0.0,229.0,312.9,315.9,270.9,105.0,2.0,9.0
Ricky Watters,SEA,RB,29.0,16,16,1,1,1,1,0,319,1239,3.88,9,73.0,52,373,7.17,0,4,2,9,1.0,0.0,217.0,269.2,277.2,243.2,94.0,7.0,10.0
Curtis Martin,NYJ,RB,25.0,15,15,0,0,0,0,0,369,1287,3.49,8,57.0,43,365,8.49,1,5,1,9,0.0,0.0,217.0,260.2,267.2,238.7,94.0,8.0,11.0
Randall Cunningham,MIN,QB,35.0,15,14,259,425,3704,34,10,32,132,4.13,1,1.0,1,-3,-3.0,0,2,1,1,1.0,2.0,287.0,288.1,305.1,297.6,91.0,2.0,12.0
Robert Edwards,NWE,RB,24.0,16,15,0,0,0,0,0,291,1115,3.83,9,52.0,35,331,9.46,3,5,1,12,0.0,0.0,215.0,249.6,256.6,232.1,91.0,9.0,13.0
Terrell Owens,SFO,WR,25.0,16,10,0,0,0,0,0,4,53,13.25,1,104.0,67,1097,16.37,14,1,1,15,1.0,0.0,205.0,272.0,276.0,238.5,81.0,3.0,14.0
Barry Sanders,DET,RB,30.0,16,16,0,0,0,0,0,343,1491,4.35,4,57.0,37,289,7.81,0,3,2,4,0.0,0.0,198.0,235.0,243.0,216.5,75.0,10.0,15.0
Eddie George,TEN,RB,25.0,16,16,0,0,0,0,0,348,1294,3.72,5,49.0,37,310,8.38,1,7,1,6,1.0,0.0,196.0,233.4,240.4,214.9,73.0,11.0,16.0
Robert Smith,MIN,RB,26.0,14,14,0,0,0,0,0,249,1187,4.77,6,35.0,28,291,10.39,2,1,1,8,0.0,0.0,194.0,221.8,228.8,207.8,70.0,12.0,17.0
Shannon Sharpe,DEN,TE,30.0,16,16,0,0,0,0,0,0,0,0.0,0,107.0,64,768,12.0,10,0,0,10,0.0,0.0,137.0,200.8,203.8,168.8,70.0,1.0,18.0
Brett Favre,GNB,QB,29.0,16,16,347,551,4212,31,23,40,133,3.33,1,0.0,0,0,0.0,0,8,2,1,0.0,1.0,264.0,263.8,294.8,286.8,68.0,3.0,19.0
Eric Moulds,BUF,WR,25.0,16,15,0,0,0,0,0,0,0,0.0,0,116.0,67,1368,20.42,9,0,0,9,0.0,0.0,191.0,257.8,260.8,224.3,66.0,4.0,20.0
Duce Staley,PHI,RB,23.0,16,13,0,0,0,0,0,258,1065,4.13,5,70.0,57,432,7.58,1,2,0,6,0.0,0.0,186.0,242.7,248.7,214.2,62.0,13.0,21.0
Keyshawn Johnson,NYJ,WR,26.0,16,16,0,0,0,0,0,2,60,30.0,1,149.0,83,1131,13.63,10,0,0,11,0.0,0.0,185.0,268.1,271.1,226.6,61.0,5.0,22.0
Terance Mathis,ATL,WR,31.0,16,16,0,0,0,0,0,1,-6,-6.0,0,114.0,64,1136,17.75,11,0,0,11,0.0,0.0,179.0,243.0,246.0,211.0,55.0,6.0,23.0
Joey Galloway,SEA,WR,27.0,16,16,0,0,0,0,0,9,26,2.89,0,132.0,65,1047,16.11,10,1,1,12,0.0,0.0,177.0,242.3,246.3,209.8,53.0,7.0,24.0
Adrian Murrell,ARI,RB,28.0,15,14,0,0,0,0,0,274,1042,3.8,8,27.0,18,169,9.39,2,6,3,10,0.0,0.0,175.0,193.1,202.1,184.1,52.0,14.0,25.0
Steve McNair,TEN,QB,25.0,16,16,289,492,3228,15,10,77,559,7.26,4,0.0,0,0,0.0,0,5,1,4,0.0,0.0,247.0,247.0,264.0,257.0,51.0,4.0,26.0
Cris Carter,MIN,WR,33.0,16,16,0,0,0,0,0,1,-1,-1.0,0,125.0,78,1011,12.96,12,0,0,12,0.0,0.0,173.0,251.0,254.0,212.0,49.0,8.0,27.0
Vinny Testaverde,NYJ,QB,35.0,14,13,259,421,3256,29,7,24,104,4.33,1,0.0,0,0,0.0,0,7,3,1,0.0,0.0,243.0,242.6,258.6,249.6,47.0,5.0,28.0
Rod Smith,DEN,WR,28.0,16,16,1,1,14,0,0,6,63,10.5,0,139.0,86,1222,14.21,6,0,0,7,0.0,0.0,171.0,257.1,260.1,214.1,47.0,9.0,29.0
Jerry Rice,SFO,WR,36.0,16,16,0,0,0,0,0,0,0,0.0,0,151.0,82,1157,14.11,9,2,2,9,2.0,0.0,170.0,251.7,256.7,210.7,45.0,10.0,30.0
Ed McCaffrey,DEN,WR,30.0,15,15,0,0,0,0,0,0,0,0.0,0,99.0,64,1053,16.45,10,1,0,10,1.0,0.0,167.0,231.3,234.3,199.3,43.0,11.0,31.0
Jimmy Smith,JAX,WR,29.0,16,15,0,0,0,0,0,0,0,0.0,0,133.0,78,1182,15.15,8,2,1,8,0.0,0.0,164.0,242.2,246.2,203.2,40.0,12.0,32.0
Priest Holmes,BAL,RB,25.0,16,13,0,1,0,0,1,233,1008,4.33,7,62.0,43,260,6.05,0,3,3,7,0.0,0.0,161.0,203.8,213.8,183.3,37.0,15.0,33.0
Cam Cleeland,NOR,TE,23.0,16,16,0,0,0,0,0,0,0,0.0,0,88.0,54,684,12.67,6,1,0,6,0.0,0.0,104.0,158.4,161.4,131.4,37.0,2.0,34.0
Ben Coates,NWE,TE,29.0,14,14,0,0,0,0,0,0,0,0.0,0,95.0,67,668,9.97,6,0,0,6,0.0,0.0,103.0,169.8,172.8,136.3,36.0,3.0,35.0
Corey Dillon,CIN,RB,24.0,15,15,0,0,0,0,0,262,1130,4.31,4,44.0,28,178,6.36,1,2,2,5,0.0,0.0,157.0,184.8,192.8,170.8,33.0,16.0,36.0
Antowain Smith,BUF,RB,26.0,16,14,0,0,0,0,0,300,1124,3.75,8,11.0,5,11,2.2,0,5,3,8,0.0,0.0,156.0,160.5,166.5,158.0,32.0,17.0,37.0
Wayne Chrebet,NYJ,WR,25.0,16,15,0,0,0,0,0,0,0,0.0,0,115.0,75,1083,14.44,8,0,0,8,0.0,0.0,156.0,231.3,234.3,193.8,32.0,13.0,38.0
Tim Brown,OAK,WR,32.0,16,16,0,0,0,0,0,1,-7,-7.0,0,153.0,81,1012,12.49,9,3,0,9,0.0,0.0,155.0,235.5,238.5,195.0,30.0,14.0,39.0
Tony Martin,ATL,WR,33.0,16,16,0,1,0,0,0,0,0,0.0,0,131.0,66,1181,17.89,6,0,0,6,0.0,0.0,154.0,220.1,223.1,187.1,30.0,15.0,40.0
Chris Chandler,ATL,QB,33.0,14,14,190,327,3154,25,12,36,121,3.36,2,1.0,1,22,22.0,0,6,2,2,0.0,0.0,224.0,225.5,245.5,237.0,29.0,6.0,41.0
Rocket Ismail,CAR,WR,29.0,16,15,0,0,0,0,0,3,42,14.0,0,121.0,69,1024,14.84,8,2,1,8,0.0,0.0,153.0,221.6,225.6,187.1,28.0,16.0,42.0
Warrick Dunn,TAM,RB,23.0,16,14,0,0,0,0,0,245,1026,4.19,2,57.0,44,344,7.82,0,1,0,2,0.0,0.0,149.0,193.0,199.0,171.0,26.0,18.0,43.0
Trent Green,WAS,QB,28.0,15,14,278,509,3441,23,11,42,117,2.79,2,2.0,2,-8,-4.0,0,14,6,2,0.0,1.0,221.0,222.5,245.5,232.5,25.0,7.0,44.0
OJ McDuffie,MIA,WR,29.0,16,16,0,0,0,0,0,3,11,3.67,0,165.0,90,1050,11.67,7,0,0,7,0.0,0.0,148.0,238.1,241.1,193.1,24.0,17.0,45.0
Mike Alstott,TAM,FB,25.0,16,16,0,1,0,0,0,215,846,3.93,8,30.0,22,152,6.91,1,5,5,9,0.0,0.0,144.0,165.8,176.8,154.8,20.0,19.0,46.0
Jerome Bettis,PIT,RB,26.0,15,15,0,0,0,0,0,316,1185,3.75,3,23.0,16,90,5.63,0,2,1,3,0.0,0.0,144.0,159.5,163.5,151.5,20.0,20.0,47.0
Frank Wycheck,TEN,TE,27.0,16,16,0,0,0,0,0,0,0,0.0,0,91.0,70,768,10.97,2,2,1,2,0.0,0.0,87.0,156.8,160.8,121.8,20.0,4.0,48.0
Rickey Dudley,OAK,TE,26.0,16,15,0,0,0,0,0,1,-2,-2.0,0,77.0,36,549,15.25,5,1,1,5,1.0,0.0,85.0,120.7,124.7,102.7,18.0,5.0,49.0
Jake Plummer,ARI,QB,24.0,16,16,324,547,3737,17,20,51,217,4.25,4,0.0,0,0,0.0,0,12,5,4,0.0,0.0,213.0,213.2,244.2,233.2,17.0,8.0,50.0
Karim AbdulJabbar,MIA,RB,24.0,15,15,0,0,0,0,0,270,960,3.56,6,31.0,21,102,4.86,0,2,1,6,0.0,0.0,140.0,161.2,168.2,150.7,17.0,21.0,51.0
Gary Brown,NYG,RB,29.0,16,11,0,0,0,0,0,247,1063,4.3,5,26.0,13,36,2.77,0,1,1,5,0.0,0.0,138.0,150.9,154.9,144.4,15.0,22.0,52.0
Andrew Glover,MIN,TE,31.0,16,12,0,0,0,0,0,0,0,0.0,0,59.0,35,522,14.91,5,0,0,5,0.0,0.0,82.0,117.2,120.2,99.7,15.0,6.0,53.0
Wesley Walls,CAR,TE,32.0,14,14,0,0,0,0,0,0,0,0.0,0,78.0,49,506,10.33,5,0,0,5,0.0,0.0,81.0,129.6,132.6,105.1,14.0,7.0,54.0
Freddie Jones,SDG,TE,24.0,16,16,0,0,0,0,0,0,0,0.0,0,111.0,57,602,10.56,3,1,0,3,1.0,0.0,80.0,137.2,140.2,108.7,13.0,8.0,55.0
Peyton Manning,IND,QB,22.0,16,16,326,575,3739,26,28,15,62,4.13,0,0.0,0,0,0.0,0,3,1,0,0.0,3.0,208.0,207.8,239.8,235.8,12.0,9.0,56.0
Leslie Shepherd,WAS,WR,29.0,16,16,0,0,0,0,0,6,91,15.17,1,114.0,43,712,16.56,8,0,0,9,1.0,0.0,136.0,179.3,182.3,157.8,12.0,18.0,57.0
Mark Chmura,GNB,TE,29.0,15,14,0,0,0,0,0,0,0,0.0,0,74.0,47,554,11.79,4,1,0,4,0.0,0.0,79.0,126.4,129.4,102.9,12.0,9.0,58.0
Carl Pickens,CIN,WR,28.0,16,16,0,0,0,0,0,2,4,2.0,0,154.0,82,1023,12.48,5,2,0,5,1.0,0.0,135.0,216.7,219.7,175.7,10.0,19.0,59.0
Frank Sanders,ARI,WR,25.0,16,16,0,0,0,0,0,4,0,0.0,0,144.0,89,1145,12.87,3,3,1,3,0.0,0.0,131.0,219.5,223.5,175.0,6.0,20.0,60.0
Muhsin Muhammad,CAR,WR,25.0,16,16,0,0,0,0,0,0,0,0.0,0,106.0,68,941,13.84,6,2,1,6,1.0,0.0,130.0,198.1,202.1,164.1,6.0,21.0,61.0
Tony Gonzalez,KAN,TE,22.0,16,16,0,0,0,0,0,0,0,0.0,0,102.0,59,621,10.53,2,3,1,2,0.0,0.0,72.0,131.1,135.1,101.6,5.0,10.0,62.0
Dan Marino,MIA,QB,37.0,16,16,310,537,3497,23,15,21,-3,-0.14,1,0.0,0,0,0.0,0,9,4,1,0.0,0.0,200.0,199.6,221.6,214.6,4.0,10.0,63.0
Rob Moore,ARI,WR,30.0,16,16,0,0,0,0,0,0,0,0.0,0,146.0,67,982,14.66,5,0,0,5,0.0,0.0,128.0,195.2,198.2,161.7,4.0,23.0,64.0
Herman Moore,DET,WR,29.0,15,15,0,0,0,0,0,0,0,0.0,0,129.0,82,983,11.99,5,0,0,5,0.0,0.0,128.0,210.3,213.3,169.3,4.0,22.0,65.0
Charles Johnson,PIT,WR,26.0,16,16,0,0,0,0,0,1,4,4.0,0,124.0,65,815,12.54,7,0,0,7,2.0,0.0,128.0,192.9,195.9,160.4,4.0,24.0,66.0
Leroy Hoard,MIN,RB,30.0,16,1,0,0,0,0,0,115,479,4.17,9,26.0,22,198,9.0,1,1,0,10,0.0,0.0,128.0,149.7,155.7,138.7,4.0,23.0,67.0
OJ Santiago,ATL,TE,24.0,16,16,0,0,0,0,0,0,0,0.0,0,42.0,27,428,15.85,5,1,1,5,0.0,0.0,71.0,97.8,101.8,84.3,4.0,11.0,68.0
Bobby Engram,CHI,WR,25.0,16,16,0,0,0,0,0,1,3,3.0,0,114.0,64,987,15.42,5,1,1,5,0.0,0.0,127.0,191.0,195.0,159.0,3.0,26.0,69.0
Keenan McCardell,JAX,WR,28.0,15,15,0,0,0,0,0,0,0,0.0,0,113.0,64,892,13.94,6,0,0,6,1.0,0.0,127.0,191.2,194.2,159.2,3.0,25.0,70.0
Doug Flutie,BUF,QB,36.0,13,10,202,354,2711,20,11,48,248,5.17,1,0.0,0,0,0.0,0,3,0,1,0.0,0.0,197.0,197.2,214.2,208.2,2.0,11.0,71.0
JJ Stokes,SFO,WR,26.0,16,11,0,0,0,0,0,0,0,0.0,0,93.0,63,770,12.22,8,0,0,8,0.0,0.0,125.0,188.0,191.0,156.5,1.0,27.0,72.0
Drew Bledsoe,NWE,QB,26.0,14,14,263,481,3633,20,14,28,44,1.57,0,0.0,0,0,0.0,0,9,3,0,0.0,0.0,196.0,195.7,215.7,209.7,0.0,12.0,73.0
John Elway,DEN,QB,38.0,13,12,210,356,2806,22,10,37,94,2.54,1,1.0,1,14,14.0,0,7,2,1,0.0,0.0,193.0,194.0,209.0,203.5,0.0,13.0,74.0
Trent Dilfer,TAM,QB,26.0,16,16,225,429,2729,21,15,40,141,3.53,2,0.0,0,0,0.0,0,9,5,2,0.0,3.0,185.0,185.3,211.3,200.3,0.0,14.0,75.0
Mark Brunell,JAX,QB,28.0,13,13,208,354,2601,20,9,49,192,3.92,0,0.0,0,0,0.0,0,3,2,0,0.0,1.0,183.0,183.2,200.2,192.2,0.0,15.0,76.0
Kordell Stewart,PIT,QB,26.0,16,16,252,458,2560,11,18,81,406,5.01,2,1.0,1,17,17.0,0,3,2,2,0.0,1.0,163.0,163.7,189.7,181.2,0.0,16.0,77.0
Rich Gannon,KAN,QB,33.0,12,10,206,354,2305,10,6,44,168,3.82,3,0.0,0,0,0.0,0,9,3,3,0.0,0.0,149.0,149.0,164.0,155.0,0.0,17.0,78.0
Troy Aikman,DAL,QB,32.0,11,11,187,315,2330,12,5,22,69,3.14,2,0.0,0,0,0.0,0,3,1,2,0.0,0.0,148.0,148.1,157.1,153.1,0.0,18.0,0.0
Steve Beuerlein,CAR,QB,33.0,12,12,216,343,2613,17,12,22,26,1.18,0,0.0,0,0,0.0,0,13,3,0,0.0,1.0,147.0,147.1,165.1,159.1,0.0,19.0,0.0
Charlie Batch,DET,QB,24.0,12,12,173,303,2178,11,6,41,229,5.59,1,0.0,0,0,0.0,0,2,2,1,0.0,0.0,144.0,144.0,158.0,150.0,0.0,20.0,0.0
Neil ODonnell,CIN,QB,32.0,13,11,212,343,2216,15,4,13,34,2.62,0,0.0,0,0,0.0,0,6,4,0,0.0,1.0,138.0,138.0,149.0,142.0,0.0,21.0,0.0
Tony Banks,STL,QB,25.0,14,14,241,408,2535,7,14,40,156,3.9,3,0.0,0,0,0.0,0,10,1,3,1.0,1.0,137.0,137.0,158.0,151.0,0.0,22.0,0.0
James Jett,OAK,WR,28.0,16,16,0,0,0,0,0,1,3,3.0,0,88.0,45,882,19.6,6,0,0,6,0.0,0.0,125.0,169.5,172.5,147.0,0.0,29.0,0.0
Darnay Scott,CIN,WR,26.0,13,13,0,0,0,0,0,2,10,5.0,0,88.0,51,817,16.02,7,0,0,7,0.0,0.0,125.0,175.7,178.7,150.2,0.0,28.0,0.0
Jermaine Lewis,BAL,WR,24.0,13,13,0,0,0,0,0,5,20,4.0,0,76.0,41,784,19.12,6,3,2,8,0.0,0.0,124.0,165.4,170.4,144.9,0.0,30.0,0.0
Derrick Alexander,KAN,WR,27.0,15,14,0,0,0,0,0,0,0,0.0,0,107.0,54,992,18.37,4,0,0,4,0.0,0.0,123.0,177.2,180.2,150.2,0.0,31.0,0.0
Natrone Means,SDG,RB,26.0,10,10,0,0,0,0,0,212,883,4.17,5,22.0,16,91,5.69,0,2,2,5,0.0,0.0,123.0,139.4,144.4,131.4,0.0,24.0,0.0
Marvin Harrison,IND,WR,26.0,12,12,0,0,0,0,0,0,0,0.0,0,122.0,59,776,13.15,7,0,0,7,1.0,0.0,122.0,180.6,183.6,151.1,0.0,32.0,0.0
Napoleon Kaufman,OAK,RB,25.0,13,13,0,0,0,0,0,217,921,4.24,2,36.0,25,191,7.64,0,2,1,2,0.0,0.0,121.0,146.2,153.2,133.7,0.0,25.0,0.0
Reidel Anthony,TAM,WR,22.0,15,13,0,0,0,0,0,4,43,10.75,0,94.0,51,708,13.88,7,0,0,7,1.0,0.0,119.0,170.1,173.1,144.6,0.0,33.0,0.0
Jim Harbaugh,BAL,QB,35.0,14,12,164,293,1839,12,11,40,172,4.3,0,0.0,0,0,0.0,0,7,1,0,0.0,2.0,119.0,118.8,136.8,129.8,0.0,23.0,0.0
Kerry Collins,2TM,QB,26.0,11,11,170,353,2213,12,15,30,153,5.1,1,1.0,1,-11,-11.0,0,13,6,1,1.0,0.0,117.0,117.7,144.7,132.2,0.0,24.0,0.0
Johnnie Morton,DET,WR,27.0,16,16,0,0,0,0,0,1,11,11.0,0,140.0,69,1028,14.9,2,0,0,2,0.0,0.0,116.0,184.9,187.9,150.4,0.0,34.0,0.0
Chris Calloway,NYG,WR,30.0,16,16,0,0,0,0,0,0,0,0.0,0,119.0,62,812,13.1,6,1,1,6,0.0,0.0,115.0,177.2,181.2,146.2,0.0,35.0,0.0
Michael Irvin,DAL,WR,32.0,16,15,0,0,0,0,0,1,1,1.0,0,128.0,74,1057,14.28,1,1,0,1,0.0,0.0,112.0,185.8,188.8,148.8,0.0,36.0,0.0
Michael Westbrook,WAS,WR,26.0,11,10,0,0,0,0,0,1,11,11.0,0,90.0,44,736,16.73,6,0,0,6,0.0,0.0,111.0,154.7,157.7,132.7,0.0,37.0,0.0
Andre Reed,BUF,WR,34.0,15,13,0,0,0,0,0,0,0,0.0,0,109.0,63,795,12.62,5,0,0,5,0.0,0.0,110.0,172.5,175.5,141.0,0.0,39.0,0.0
Torrance Small,IND,WR,28.0,16,4,0,1,0,0,0,1,2,2.0,0,87.0,45,681,15.13,7,0,0,7,0.0,0.0,110.0,155.3,158.3,132.8,0.0,38.0,0.0
Oronde Gadsden,MIA,WR,27.0,16,12,0,0,0,0,0,0,0,0.0,0,87.0,48,713,14.85,7,2,2,7,0.0,0.0,109.0,157.3,162.3,133.3,0.0,40.0,0.0
Terrell Fletcher,SDG,RB,25.0,12,5,1,1,23,1,0,153,543,3.55,5,43.0,30,188,6.27,0,1,1,5,0.0,0.0,106.0,136.0,143.0,121.0,0.0,28.0,0.0
Fred Lane,CAR,RB,23.0,14,11,0,0,0,0,0,205,717,3.5,5,15.0,12,85,7.08,0,4,2,5,0.0,0.0,106.0,118.2,123.2,112.2,0.0,26.0,0.0
Amp Lee,STL,RB,27.0,14,2,0,0,0,0,0,44,175,3.98,2,84.0,64,667,10.42,2,3,2,4,1.0,0.0,106.0,170.2,178.2,138.2,0.0,27.0,0.0
Bam Morris,2TM,RB,26.0,12,5,0,0,0,0,0,132,489,3.7,8,13.0,12,95,7.92,0,3,2,8,0.0,0.0,102.0,114.4,119.4,108.4,0.0,29.0,0.0
Ricky Proehl,STL,WR,30.0,16,11,0,0,0,0,0,1,14,14.0,0,114.0,60,771,12.85,3,0,0,3,1.0,0.0,99.0,158.5,161.5,128.5,0.0,41.0,0.0
Terry Glenn,NWE,WR,24.0,10,9,0,0,0,0,0,2,-1,-0.5,0,98.0,50,792,15.84,3,0,0,3,0.0,0.0,97.0,147.1,150.1,122.1,0.0,42.0,0.0
Erik Kramer,CHI,QB,34.0,8,8,151,250,1823,9,7,13,17,1.31,1,0.0,0,0,0.0,0,3,3,1,0.0,0.0,97.0,96.6,109.6,103.6,0.0,25.0,0.0
Edgar Bennett,CHI,RB,29.0,16,13,1,2,18,1,0,173,611,3.53,2,44.0,28,209,7.46,0,2,2,2,0.0,0.0,95.0,122.7,130.7,108.7,0.0,30.0,0.0
Skip Hicks,WAS,RB,24.0,9,5,0,0,0,0,0,122,433,3.55,8,8.0,4,23,5.75,0,0,0,8,0.0,0.0,94.0,97.6,100.6,95.6,0.0,31.0,0.0
Donald Hollas,OAK,QB,31.0,12,6,135,260,1754,10,16,29,120,4.14,1,0.0,0,0,0.0,0,10,2,1,0.0,1.0,94.0,94.2,118.2,110.2,0.0,26.0,0.0
Mike Pritchard,SEA,WR,29.0,16,16,0,0,0,0,0,1,17,17.0,0,101.0,58,742,12.79,3,1,1,3,1.0,0.0,94.0,151.9,155.9,122.9,0.0,43.0,0.0
Donnell Bennett,KAN,RB,26.0,16,10,0,0,0,0,0,148,527,3.56,5,20.0,16,91,5.69,1,4,3,6,0.0,0.0,92.0,107.8,113.8,99.8,0.0,32.0,0.0
Bubby Brister,DEN,QB,36.0,7,4,78,131,986,10,3,19,102,5.37,1,0.0,0,0,0.0,0,2,0,1,0.0,1.0,92.0,91.6,100.6,94.6,0.0,28.0,0.0
Curtis Conway,CHI,WR,27.0,15,15,0,1,0,0,0,5,48,9.6,0,104.0,54,733,13.57,3,1,2,3,0.0,0.0,92.0,146.1,151.1,119.1,0.0,44.0,0.0
Kent Graham,NYG,QB,30.0,11,6,105,205,1219,7,5,27,138,5.11,2,1.0,1,16,16.0,0,2,1,2,0.0,0.0,92.0,93.2,105.2,97.7,0.0,27.0,0.0
Shawn Jefferson,NWE,WR,29.0,16,16,0,0,0,0,0,1,15,15.0,0,79.0,34,771,22.68,2,0,0,2,0.0,0.0,91.0,124.6,127.6,107.6,0.0,45.0,0.0
Lamar Smith,NOR,RB,28.0,14,9,1,2,20,1,0,138,457,3.31,1,36.0,24,249,10.38,2,4,1,3,0.0,0.0,91.0,115.4,122.4,103.4,0.0,33.0,0.0
Charlie Jones,SDG,WR,26.0,16,11,0,0,0,0,0,4,39,9.75,0,107.0,46,699,15.2,3,1,1,3,0.0,0.0,90.0,135.8,139.8,112.8,0.0,47.0,0.0
Lamar Thomas,MIA,WR,28.0,16,2,0,0,0,0,0,0,0,0.0,0,67.0,43,603,14.02,5,0,0,5,0.0,0.0,90.0,133.3,136.3,111.8,0.0,46.0,0.0
Terry Allen,WAS,RB,30.0,10,10,0,0,0,0,0,148,700,4.73,2,22.0,17,128,7.53,0,4,3,2,0.0,0.0,89.0,105.8,114.8,97.3,0.0,34.0,0.0
Billy Davis,DAL,WR,26.0,16,11,0,0,0,0,0,4,15,3.75,0,77.0,39,691,17.72,3,1,0,3,0.0,0.0,89.0,127.6,130.6,108.1,0.0,48.0,0.0
Warren Moon,SEA,QB,42.0,10,10,145,258,1632,11,8,16,10,0.63,0,0.0,0,0,0.0,0,8,4,0,0.0,1.0,88.0,88.3,103.3,96.3,0.0,29.0,0.0
Danny Kanell,NYG,QB,25.0,10,10,160,299,1603,11,10,15,36,2.4,0,0.0,0,0,0.0,0,6,3,0,0.0,0.0,86.0,85.7,101.7,95.7,0.0,30.0,0.0
Kimble Anders,KAN,FB,32.0,16,15,0,0,0,0,0,58,230,3.97,1,84.0,64,462,7.22,2,6,1,3,0.0,0.0,85.0,149.2,156.2,117.2,0.0,35.0,0.0
Courtney Hawkins,PIT,WR,29.0,15,14,0,0,0,0,0,10,41,4.1,0,108.0,66,751,11.38,1,1,0,1,0.0,0.0,85.0,151.2,154.2,118.2,0.0,50.0,0.0
Andre Rison,KAN,WR,31.0,14,13,0,0,0,0,0,2,12,6.0,0,92.0,40,542,13.55,5,1,0,5,0.0,0.0,85.0,125.4,128.4,105.4,0.0,49.0,0.0
Floyd Turner,BAL,WR,32.0,16,3,0,0,0,0,0,0,0,0.0,0,57.0,32,512,16.0,5,0,0,5,2.0,0.0,85.0,117.2,120.2,101.2,0.0,51.0,0.0
Sean Dawkins,NOR,WR,27.0,15,15,0,0,0,0,0,0,0,0.0,0,106.0,53,823,15.53,1,2,2,1,0.0,0.0,84.0,137.3,142.3,110.8,0.0,52.0,0.0
Ike Hilliard,NYG,WR,22.0,16,16,0,0,0,0,0,1,4,4.0,0,104.0,51,715,14.02,2,2,2,2,0.0,0.0,80.0,130.9,135.9,105.4,0.0,53.0,0.0
Charles Way,NYG,FB,26.0,16,15,0,0,0,0,0,113,432,3.82,3,40.0,31,131,4.23,1,0,0,4,0.0,0.0,80.0,111.3,117.3,95.8,0.0,36.0,0.0
Rob Johnson,BUF,QB,25.0,8,6,67,107,910,8,3,24,123,5.13,1,0.0,0,0,0.0,0,2,1,1,0.0,0.0,79.0,78.7,88.7,81.7,0.0,32.0,0.0
Billy Joe Tolliver,NOR,QB,32.0,7,4,110,199,1427,8,4,11,43,3.91,0,0.0,0,0,0.0,0,3,3,0,0.0,0.0,79.0,79.4,89.4,83.4,0.0,31.0,0.0
Thurman Thomas,BUF,RB,32.0,14,3,0,0,0,0,0,93,381,4.1,2,32.0,26,220,8.46,1,0,0,3,0.0,0.0,78.0,104.1,110.1,91.1,0.0,37.0,0.0
Tim Biakabutuka,CAR,RB,24.0,10,3,0,0,0,0,0,101,427,4.23,3,10.0,8,138,17.25,1,1,2,4,0.0,0.0,77.0,84.5,92.5,80.5,0.0,39.0,0.0
Larry Centers,ARI,FB,30.0,16,12,0,0,0,0,0,31,110,3.55,0,94.0,69,559,8.1,2,1,1,2,0.0,0.0,77.0,145.9,152.9,111.4,0.0,38.0,0.0
Bert Emanuel,TAM,WR,28.0,11,11,0,0,0,0,0,1,11,11.0,0,97.0,41,636,15.51,2,0,0,2,0.0,0.0,77.0,117.7,120.7,97.2,0.0,54.0,0.0
Harvey Williams,OAK,RB,31.0,16,3,1,1,27,0,0,128,496,3.88,2,39.0,26,173,6.65,0,3,2,2,0.0,0.0,76.0,102.0,110.0,89.0,0.0,40.0,0.0
June Henley,STL,RB,23.0,11,3,0,0,0,0,0,88,313,3.56,3,45.0,35,252,7.2,0,1,1,3,0.0,0.0,73.0,107.5,114.5,90.0,0.0,41.0,0.0
Ernie Mills,DAL,WR,30.0,11,1,0,0,0,0,0,3,9,3.0,0,41.0,28,479,17.11,4,0,0,4,0.0,0.0,73.0,100.8,103.8,86.8,0.0,55.0,0.0
Bryan Still,SDG,WR,24.0,14,9,0,0,0,0,0,0,0,0.0,0,79.0,43,605,14.07,2,0,0,2,0.0,0.0,73.0,115.5,118.5,94.0,0.0,56.0,0.0
Irving Fryar,PHI,WR,36.0,16,16,0,0,0,0,0,3,46,15.33,0,112.0,48,556,11.58,2,0,0,2,0.0,0.0,72.0,120.2,123.2,96.2,0.0,58.0,0.0
Jeff Graham,PHI,WR,29.0,15,15,0,0,0,0,0,0,0,0.0,0,91.0,47,600,12.77,2,0,0,2,0.0,0.0,72.0,119.0,122.0,95.5,0.0,59.0,0.0
Dedric Ward,NYJ,WR,24.0,16,4,0,0,0,0,0,2,7,3.5,0,59.0,25,477,19.08,4,0,0,4,0.0,0.0,72.0,97.4,100.4,84.9,0.0,57.0,0.0
John Avery,MIA,RB,22.0,16,0,0,0,0,0,0,143,503,3.52,2,15.0,10,67,6.7,1,5,2,3,0.0,0.0,71.0,81.0,86.0,76.0,0.0,43.0,0.0
Charlie Garner,PHI,RB,26.0,10,3,0,0,0,0,0,96,381,3.97,4,25.0,19,110,5.79,0,1,1,4,0.0,0.0,71.0,90.1,97.1,80.6,0.0,42.0,0.0
Jake Reed,MIN,WR,31.0,11,11,0,0,0,0,0,0,0,0.0,0,68.0,34,474,13.94,4,0,0,4,0.0,0.0,71.0,105.4,108.4,88.4,0.0,60.0,0.0
Jon Kitna,SEA,QB,26.0,6,5,98,172,1177,7,8,20,67,3.35,1,0.0,0,0,0.0,0,6,1,1,0.0,0.0,70.0,69.8,81.8,77.8,0.0,34.0,0.0
Steve Stenstrom,CHI,QB,27.0,7,7,112,196,1252,4,6,18,79,4.39,2,0.0,0,0,0.0,0,6,3,2,0.0,1.0,70.0,70.0,82.0,76.0,0.0,33.0,0.0
Tiki Barber,NYG,RB,23.0,16,4,0,0,0,0,0,52,166,3.19,0,59.0,42,348,8.29,3,1,0,3,0.0,0.0,69.0,111.4,117.4,90.4,0.0,44.0,0.0
Craig Whelihan,SDG,QB,27.0,10,7,149,320,1803,8,19,18,38,2.11,0,0.0,0,0,0.0,0,9,3,0,1.0,1.0,68.0,67.9,92.9,86.9,0.0,35.0,0.0
Aaron Craver,NOR,FB,30.0,16,10,0,1,0,0,0,45,180,4.0,2,47.0,33,214,6.48,2,2,1,5,0.0,0.0,67.0,100.4,107.4,83.9,0.0,45.0,0.0
Tyrone Davis,GNB,TE,26.0,13,1,0,0,0,0,0,0,0,0.0,0,29.0,18,250,13.89,7,1,0,7,0.0,0.0,67.0,85.0,88.0,76.0,0.0,12.0,0.0
Andre Hastings,NOR,WR,28.0,16,12,0,0,0,0,0,3,32,10.67,0,87.0,35,455,13.0,3,0,0,3,0.0,0.0,67.0,101.7,104.7,84.2,0.0,62.0,0.0
Brian Mitchell,WAS,RB,30.0,16,0,1,2,0,0,0,39,208,5.33,2,62.0,44,306,6.95,0,3,1,3,0.0,0.0,67.0,111.4,118.4,89.4,0.0,46.0,0.0
Yancey Thigpen,TEN,WR,29.0,9,8,0,0,0,0,0,0,0,0.0,0,83.0,38,493,12.97,3,0,0,3,0.0,0.0,67.0,105.3,108.3,86.3,0.0,61.0,0.0
Germane Crowell,DET,WR,22.0,14,2,0,0,0,0,0,1,35,35.0,0,48.0,25,464,18.56,3,1,1,3,0.0,0.0,66.0,90.9,94.9,78.4,0.0,64.0,0.0
Amani Toomer,NYG,WR,24.0,16,0,0,1,0,0,0,0,0,0.0,0,53.0,27,360,13.33,5,0,0,5,0.0,0.0,66.0,93.0,96.0,79.5,0.0,63.0,0.0
Chris Warren,DAL,RB,30.0,9,0,0,0,0,0,0,59,291,4.93,4,16.0,13,66,5.08,1,0,0,5,0.0,0.0,66.0,78.7,81.7,72.2,0.0,47.0,0.0
Jay Riemersma,BUF,TE,25.0,16,3,0,0,0,0,0,0,0,0.0,0,33.0,25,288,11.52,6,0,0,6,0.0,0.0,65.0,89.8,92.8,77.3,0.0,13.0,0.0
Tony Simmons,NWE,WR,24.0,11,6,0,0,0,0,0,0,0,0.0,0,55.0,23,474,20.61,3,0,0,3,0.0,0.0,65.0,88.4,91.4,76.9,0.0,65.0,0.0
Willie Davis,TEN,WR,31.0,13,10,0,0,0,0,0,0,0,0.0,0,58.0,32,461,14.41,3,0,0,3,0.0,0.0,64.0,96.1,99.1,80.1,0.0,66.0,0.0
Darick Holmes,2TM,RB,27.0,14,4,0,0,0,0,0,95,394,4.15,1,24.0,20,188,9.4,0,1,0,1,0.0,0.0,64.0,84.2,90.2,74.2,0.0,48.0,0.0
Chris Penn,CHI,WR,27.0,14,1,0,0,0,0,0,0,0,0.0,0,62.0,31,448,14.45,3,1,1,3,1.0,0.0,63.0,93.8,97.8,78.3,0.0,68.0,0.0
Keith Poole,NOR,WR,24.0,15,4,0,0,0,0,0,0,0,0.0,0,51.0,24,509,21.21,2,0,0,2,0.0,0.0,63.0,86.9,89.9,74.9,0.0,67.0,0.0
Terry Kirby,SFO,RB,28.0,9,0,1,1,28,1,0,48,258,5.38,3,19.0,16,134,8.38,0,0,0,3,0.0,0.0,62.0,78.3,84.3,70.3,0.0,49.0,0.0
Eric Zeier,BAL,QB,26.0,10,4,107,181,1312,4,3,11,17,1.55,0,0.0,0,0,0.0,0,2,1,0,0.0,0.0,62.0,62.2,69.2,65.2,0.0,36.0,0.0
Leon Johnson,NYJ,RB,24.0,12,2,0,0,0,0,0,41,185,4.51,2,21.0,13,222,17.08,2,3,2,4,0.0,0.0,61.0,73.7,81.7,67.2,0.0,50.0,0.0
Kyle Brady,NYJ,TE,26.0,16,15,0,0,0,0,0,0,0,0.0,0,50.0,30,315,10.5,5,1,1,5,0.0,0.0,60.0,89.5,93.5,74.5,0.0,14.0,0.0
Robert Brooks,GNB,WR,28.0,12,12,0,0,0,0,0,1,2,2.0,0,62.0,31,420,13.55,3,0,0,3,0.0,0.0,60.0,91.2,94.2,75.7,0.0,69.0,0.0
Jason Garrett,DAL,QB,32.0,8,5,91,158,1206,5,3,11,14,1.27,0,0.0,0,0,0.0,0,4,2,0,0.0,0.0,60.0,59.6,67.6,62.6,0.0,37.0,0.0
Dorsey Levens,GNB,RB,28.0,7,4,0,0,0,0,0,115,378,3.29,1,30.0,27,162,6.0,0,0,0,1,0.0,0.0,60.0,87.0,93.0,73.5,0.0,51.0,0.0
Marcus Pollard,IND,TE,26.0,16,11,0,0,0,0,0,0,0,0.0,0,40.0,24,309,12.88,4,0,0,4,2.0,0.0,59.0,82.9,85.9,70.9,0.0,15.0,0.0
Stephen Alexander,WAS,TE,23.0,15,5,0,0,0,0,0,0,0,0.0,0,58.0,37,383,10.35,4,2,2,4,0.0,0.0,58.0,95.3,100.3,76.8,0.0,16.0,0.0
Tommy Vardell,DET,FB,29.0,14,9,0,0,0,0,0,18,37,2.06,6,24.0,14,143,10.21,1,1,1,7,0.0,0.0,58.0,72.0,76.0,65.0,0.0,52.0,0.0
Albert Connell,WAS,WR,24.0,14,5,0,0,0,0,0,0,0,0.0,0,54.0,28,451,16.11,2,0,0,2,0.0,0.0,57.0,85.1,88.1,71.1,0.0,70.0,0.0
Jerome Pathon,IND,WR,23.0,16,15,0,0,0,0,0,3,-2,-0.67,0,106.0,50,511,10.22,1,0,0,1,0.0,0.0,57.0,106.9,109.9,81.9,0.0,71.0,0.0
Irv Smith,SFO,TE,27.0,16,8,0,0,0,0,0,0,0,0.0,0,41.0,25,266,10.64,5,0,0,5,0.0,0.0,57.0,81.6,84.6,69.1,0.0,17.0,0.0
Isaac Bruce,STL,WR,26.0,5,5,0,0,0,0,0,1,30,30.0,0,48.0,32,457,14.28,1,0,0,1,0.0,0.0,55.0,86.7,89.7,70.7,0.0,74.0,0.0
Derrick Mayes,GNB,WR,24.0,10,6,0,0,0,0,0,0,0,0.0,0,51.0,30,394,13.13,3,1,1,3,0.0,0.0,55.0,85.4,89.4,70.4,0.0,72.0,0.0
Mikhael Ricks,SDG,WR,24.0,16,9,0,0,0,0,0,0,0,0.0,0,85.0,30,450,15.0,2,1,1,2,0.0,0.0,55.0,85.0,89.0,70.0,0.0,73.0,0.0
Jackie Harris,TEN,TE,30.0,16,16,0,0,0,0,0,0,0,0.0,0,55.0,43,412,9.58,2,0,0,2,0.0,0.0,53.0,96.2,99.2,74.7,0.0,18.0,0.0
Mario Bates,ARI,RB,25.0,16,1,0,0,0,0,0,60,165,2.75,6,1.0,1,14,14.0,0,0,1,6,0.0,0.0,52.0,52.9,56.9,52.4,0.0,53.0,0.0
Brandon Bennett,CIN,RB,25.0,14,1,0,0,0,0,0,77,243,3.16,2,12.0,8,153,19.13,0,1,0,2,0.0,0.0,52.0,59.6,65.6,55.6,0.0,54.0,0.0
Koy Detmer,PHI,QB,25.0,8,5,97,181,1011,5,5,7,20,2.86,0,0.0,0,0,0.0,0,1,0,0,0.0,0.0,52.0,52.4,60.4,57.4,0.0,38.0,0.0
Johnny McWilliams,ARI,TE,26.0,16,15,0,0,0,0,0,0,0,0.0,0,33.0,26,284,10.92,4,0,0,4,0.0,0.0,52.0,78.4,81.4,65.4,0.0,19.0,0.0
Troy Drayton,MIA,TE,28.0,15,15,0,0,0,0,0,0,0,0.0,0,49.0,30,334,11.13,3,0,0,3,0.0,0.0,51.0,81.4,84.4,66.4,0.0,20.0,0.0
Damon Gibson,CIN,WR,23.0,16,0,0,0,0,0,0,1,9,9.0,0,27.0,19,258,13.58,3,3,0,4,0.0,0.0,51.0,69.7,72.7,60.2,0.0,77.0,0.0
Derrick Mason,TEN,WR,24.0,16,0,0,0,0,0,0,0,0,0.0,0,44.0,25,333,13.32,3,1,0,3,0.0,0.0,51.0,76.3,79.3,63.8,0.0,75.0,0.0
Bill Schroeder,GNB,WR,27.0,13,3,0,0,0,0,0,0,0,0.0,0,48.0,31,452,14.58,1,1,0,1,0.0,0.0,51.0,82.2,85.2,66.7,0.0,76.0,0.0
Curtis Enis,CHI,RB,22.0,9,1,0,0,0,0,0,133,497,3.74,0,8.0,6,20,3.33,0,1,1,0,0.0,0.0,50.0,55.7,59.7,52.7,0.0,55.0,0.0
Stephen Davis,WAS,FB,24.0,16,12,0,0,0,0,0,34,109,3.21,0,31.0,21,263,12.52,2,0,0,2,0.0,0.0,49.0,70.2,76.2,59.7,0.0,56.0,0.0
Marc Edwards,SFO,FB,24.0,16,10,0,0,0,0,0,22,94,4.27,1,32.0,22,218,9.91,2,0,0,3,0.0,0.0,49.0,71.2,74.2,60.2,0.0,57.0,0.0
Greg Hill,STL,RB,26.0,2,2,0,0,0,0,0,40,240,6.0,4,2.0,1,6,6.0,0,0,0,4,0.0,0.0,49.0,49.6,52.6,49.1,0.0,58.0,0.0
Christian Fauria,SEA,TE,27.0,16,15,0,0,0,0,0,0,0,0.0,0,44.0,37,377,10.19,2,1,1,2,0.0,0.0,48.0,84.7,88.7,66.2,0.0,22.0,0.0
Jeff George,OAK,QB,31.0,8,7,93,169,1186,4,5,8,2,0.25,0,0.0,0,0,0.0,0,7,3,0,0.0,0.0,48.0,47.6,58.6,52.6,0.0,39.0,0.0
Michael Jackson,BAL,WR,29.0,13,12,0,0,0,0,0,0,0,0.0,0,76.0,38,477,12.55,0,1,0,0,0.0,0.0,48.0,85.7,88.7,66.7,0.0,79.0,0.0
Pete Mitchell,JAX,TE,27.0,16,16,0,0,0,0,0,0,0,0.0,0,63.0,38,363,9.55,2,0,0,2,0.0,0.0,48.0,86.3,89.3,67.3,0.0,21.0,0.0
Dave Moore,TAM,TE,29.0,16,16,0,0,0,0,0,0,0,0.0,0,40.0,24,255,10.63,4,1,1,4,0.0,0.0,48.0,71.5,75.5,59.5,0.0,23.0,0.0
Kevin Williams,BUF,WR,27.0,16,0,0,0,0,0,0,5,46,9.2,0,61.0,29,392,13.52,1,3,1,1,0.0,0.0,48.0,76.8,80.8,62.3,0.0,78.0,0.0
James Allen,CHI,RB,23.0,6,2,0,0,0,0,0,58,270,4.66,1,14.0,8,77,9.63,1,1,0,2,0.0,0.0,47.0,54.7,57.7,50.7,0.0,61.0,0.0
Keith Byars,NYJ,FB,35.0,13,8,0,0,0,0,0,4,34,8.5,0,40.0,26,258,9.92,3,0,0,3,0.0,0.0,47.0,73.2,76.2,60.2,0.0,59.0,0.0
William Henderson,GNB,FB,27.0,16,10,0,0,0,0,0,23,70,3.04,2,49.0,37,241,6.51,1,1,1,3,0.0,0.0,47.0,84.1,88.1,65.6,0.0,60.0,0.0
Brad Johnson,MIN,QB,30.0,4,2,65,101,747,7,5,12,15,1.25,0,0.0,0,0,0.0,0,1,1,0,0.0,0.0,47.0,47.4,56.4,52.4,0.0,40.0,0.0
James McKnight,SEA,WR,26.0,14,3,0,0,0,0,0,0,0,0.0,0,50.0,21,346,16.48,2,0,0,2,0.0,0.0,47.0,67.6,70.6,57.1,0.0,80.0,0.0
Jeff Blake,CIN,QB,28.0,8,2,51,93,739,3,3,15,103,6.87,0,0.0,0,0,0.0,0,1,0,0,0.0,0.0,46.0,45.9,54.9,48.9,0.0,41.0,0.0
Patrick Jeffers,DAL,WR,25.0,8,1,0,0,0,0,0,0,0,0.0,0,34.0,18,330,18.33,2,0,0,2,0.0,0.0,45.0,63.0,66.0,54.0,0.0,81.0,0.0
Brett Bech,NOR,WR,27.0,16,0,0,0,0,0,0,0,0,0.0,0,24.0,14,264,18.86,3,0,0,3,0.0,0.0,44.0,58.4,61.4,51.4,0.0,82.0,0.0
Danny Wuerffel,NOR,QB,24.0,5,4,62,119,695,5,5,11,60,5.45,0,0.0,0,0,0.0,0,1,0,0,0.0,0.0,44.0,43.8,51.8,48.8,0.0,42.0,0.0
Wade Wilson,OAK,QB,39.0,5,3,52,88,568,7,4,7,24,3.43,0,0.0,0,0,0.0,0,1,1,0,0.0,0.0,43.0,43.1,51.1,47.1,0.0,43.0,0.0
Steve Bono,STL,QB,36.0,6,2,69,136,807,5,4,10,13,1.3,0,0.0,0,0,0.0,0,4,3,0,1.0,0.0,42.0,41.6,51.6,45.6,0.0,45.0,0.0
Mark Carrier,CAR,WR,33.0,16,1,0,0,0,0,0,0,0,0.0,0,51.0,19,301,15.84,2,0,0,2,0.0,0.0,42.0,61.1,64.1,51.6,0.0,84.0,0.0
Elvis Grbac,KAN,QB,28.0,8,6,98,188,1142,5,12,7,27,3.86,0,0.0,0,0,0.0,0,1,1,0,0.0,0.0,42.0,42.4,58.4,54.4,0.0,44.0,0.0
Eric Green,BAL,TE,31.0,12,12,0,0,0,0,0,0,0,0.0,0,58.0,34,422,12.41,1,4,3,1,0.0,0.0,42.0,76.2,82.2,59.2,0.0,25.0,0.0
Jacquez Green,TAM,WR,22.0,12,1,0,0,0,0,0,3,12,4.0,0,36.0,14,251,17.93,2,5,1,3,0.0,0.0,42.0,56.3,60.3,49.3,0.0,83.0,0.0
Travis Jervey,GNB,RB,26.0,8,5,0,0,0,0,0,83,325,3.92,1,12.0,9,33,3.67,0,0,0,1,0.0,0.0,42.0,50.8,53.8,46.3,0.0,63.0,0.0
Anthony Johnson,CAR,RB,31.0,16,2,0,0,0,0,0,36,135,3.75,0,35.0,27,242,8.96,1,3,1,1,0.0,0.0,42.0,68.7,75.7,55.2,0.0,64.0,0.0
Tony McGee,CIN,TE,27.0,16,16,0,0,0,0,0,0,0,0.0,0,32.0,22,363,16.5,1,0,0,1,0.0,0.0,42.0,64.3,67.3,53.3,0.0,24.0,0.0
James Stewart,JAX,RB,27.0,3,3,0,0,0,0,0,53,217,4.09,2,8.0,6,42,7.0,1,2,1,3,0.0,0.0,42.0,47.9,51.9,44.9,0.0,62.0,0.0
Troy Brown,NWE,WR,27.0,10,0,0,0,0,0,0,0,0,0.0,0,35.0,23,346,15.04,1,0,0,1,0.0,0.0,41.0,63.6,66.6,52.1,0.0,85.0,0.0
Terry Mickens,OAK,WR,27.0,16,2,0,0,0,0,0,0,0,0.0,0,47.0,24,346,14.42,1,0,0,1,0.0,0.0,41.0,64.6,67.6,52.6,0.0,86.0,0.0
Frank Reich,DET,QB,37.0,6,2,63,110,768,5,4,6,3,0.5,0,0.0,0,0,0.0,0,2,1,0,0.0,0.0,41.0,41.0,49.0,45.0,0.0,46.0,0.0
Bob Christian,ATL,FB,30.0,14,11,0,0,0,0,0,8,21,2.63,2,28.0,19,214,11.26,1,1,1,3,0.0,0.0,40.0,58.5,62.5,49.0,0.0,65.0,0.0
Kevin Dyson,TEN,WR,23.0,13,9,0,0,0,0,0,1,4,4.0,0,48.0,21,263,12.52,2,0,0,2,0.0,0.0,39.0,59.7,62.7,49.2,0.0,87.0,0.0
William Floyd,CAR,FB,26.0,16,13,0,1,0,0,1,28,71,2.54,3,37.0,24,123,5.13,1,1,1,4,0.0,0.0,39.0,63.4,68.4,52.4,0.0,66.0,0.0
Will Blackwell,PIT,WR,23.0,16,1,0,0,0,0,0,0,0,0.0,0,55.0,32,297,9.28,1,1,0,1,1.0,0.0,38.0,69.7,72.7,53.7,0.0,88.0,0.0
Ken Dilger,IND,TE,27.0,16,16,0,0,0,0,0,0,0,0.0,0,48.0,31,303,9.77,1,0,0,1,1.0,0.0,38.0,69.3,72.3,53.8,0.0,26.0,0.0
Sam Gash,BUF,FB,29.0,16,13,0,0,0,0,0,11,32,2.91,0,21.0,19,165,8.68,3,0,0,3,0.0,0.0,38.0,56.7,59.7,47.2,0.0,69.0,0.0
AzZahir Hakim,STL,WR,21.0,9,4,0,0,0,0,0,2,30,15.0,1,45.0,20,247,12.35,1,1,1,2,0.0,0.0,38.0,57.7,61.7,47.7,0.0,89.0,0.0
Robert Holcombe,STL,RB,23.0,13,6,0,0,0,0,0,98,230,2.35,2,11.0,6,34,5.67,0,0,0,2,0.0,0.0,38.0,44.4,47.4,41.4,0.0,67.0,0.0
Sherman Williams,DAL,RB,25.0,16,2,0,0,0,0,0,64,220,3.44,1,14.0,11,104,9.45,0,0,0,1,0.0,0.0,38.0,49.4,55.4,43.9,0.0,68.0,0.0
Rodney Peete,PHI,QB,32.0,5,4,71,129,758,2,4,5,30,6.0,1,0.0,0,0,0.0,0,1,1,1,0.0,0.0,37.0,37.3,45.3,41.3,0.0,47.0,0.0
Eric Bjornson,DAL,TE,27.0,16,4,0,0,0,0,0,1,7,7.0,1,27.0,15,218,14.53,1,0,0,2,0.0,0.0,35.0,49.5,52.5,42.0,0.0,27.0,0.0
Robert Chancey,CHI,RB,26.0,16,1,0,0,0,0,0,29,122,4.21,2,15.0,11,102,9.27,0,2,0,2,0.0,0.0,34.0,45.4,51.4,39.9,0.0,70.0,0.0
Damon Jones,JAX,TE,24.0,16,7,0,0,0,0,0,0,0,0.0,0,17.0,8,90,11.25,4,1,0,4,0.0,0.0,33.0,41.0,41.0,37.0,0.0,28.0,0.0
Ryan Thelwell,SDG,WR,25.0,6,3,0,0,0,0,0,0,0,0.0,0,37.0,16,268,16.75,1,0,0,1,0.0,0.0,33.0,48.8,51.8,40.8,0.0,90.0,0.0
Raymont Harris,GNB,RB,28.0,8,3,0,0,0,0,0,79,228,2.89,1,11.0,10,68,6.8,0,3,2,1,0.0,0.0,32.0,41.6,46.6,36.6,0.0,72.0,0.0
Eddie Kennison,STL,WR,25.0,16,13,0,0,0,0,0,2,9,4.5,0,51.0,17,234,13.76,1,4,2,2,0.0,0.0,32.0,49.3,54.3,40.8,0.0,91.0,0.0
Roosevelt Potts,BAL,FB,27.0,16,15,0,0,0,0,0,36,115,3.19,0,38.0,30,168,5.6,2,4,4,2,0.0,0.0,32.0,62.3,72.3,47.3,0.0,71.0,0.0
Glenn Foley,NYJ,QB,28.0,5,3,58,108,749,4,6,5,-11,-2.2,0,0.0,0,0,0.0,0,1,1,0,0.0,0.0,31.0,30.9,40.9,36.9,0.0,48.0,0.0
Chris Gedney,ARI,TE,28.0,16,3,0,0,0,0,0,0,0,0.0,0,32.0,22,271,12.32,1,1,1,1,0.0,0.0,31.0,53.1,57.1,42.1,0.0,29.0,0.0
Derek Loville,DEN,RB,30.0,16,0,0,0,0,0,0,53,161,3.04,2,2.0,2,29,14.5,0,0,0,2,0.0,0.0,31.0,33.0,36.0,32.0,0.0,73.0,0.0
Kevin Turner,PHI,FB,29.0,16,15,0,0,0,0,0,20,94,4.7,0,59.0,34,232,6.82,0,1,1,0,0.0,0.0,31.0,64.6,68.6,47.6,0.0,74.0,0.0
Karl Williams,TAM,WR,27.0,13,6,0,0,0,0,0,0,0,0.0,0,46.0,21,252,12.0,1,0,0,1,0.0,0.0,31.0,52.2,55.2,41.7,0.0,92.0,0.0
Troy Davis,NOR,RB,23.0,14,2,0,0,0,0,0,55,143,2.6,1,21.0,16,99,6.19,0,1,0,1,0.0,0.0,30.0,46.2,49.2,38.2,0.0,76.0,0.0
David LaFleur,DAL,TE,24.0,13,13,0,0,0,0,0,0,0,0.0,0,30.0,20,176,8.8,2,1,0,2,0.0,0.0,30.0,49.6,52.6,39.6,0.0,30.0,0.0
Ryan Leaf,SDG,QB,22.0,10,9,111,245,1289,2,15,27,80,2.96,0,0.0,0,0,0.0,0,8,4,0,0.0,0.0,30.0,29.6,51.6,44.6,0.0,49.0,0.0
Eric Metcalf,ARI,RB,30.0,16,3,0,0,0,0,0,0,0,0.0,0,49.0,31,324,10.45,0,5,1,0,0.0,0.0,30.0,61.4,65.4,45.9,0.0,75.0,0.0
Jerald Moore,STL,RB,24.0,11,4,0,0,0,0,0,55,137,2.49,2,12.0,9,60,6.67,0,3,1,2,0.0,0.0,30.0,38.7,42.7,34.2,0.0,77.0,0.0
Jamie Asher,WAS,TE,26.0,9,7,0,0,0,0,0,0,0,0.0,0,48.0,28,294,10.5,0,0,0,0,0.0,0.0,29.0,57.4,60.4,43.4,0.0,31.0,0.0
Chris FuamatuMaafala,PIT,RB,21.0,12,0,0,0,0,0,0,7,30,4.29,2,12.0,9,84,9.33,1,0,0,3,0.0,0.0,29.0,38.4,38.4,33.9,0.0,78.0,0.0
Howard Griffith,DEN,FB,31.0,14,13,0,0,0,0,0,4,13,3.25,0,30.0,15,97,6.47,3,0,0,3,0.0,0.0,29.0,44.0,44.0,36.5,0.0,79.0,0.0
Jonathan Quinn,JAX,QB,23.0,4,2,34,64,387,2,3,11,77,7.0,1,0.0,0,0,0.0,0,3,1,1,0.0,0.0,29.0,29.2,36.2,32.2,0.0,50.0,0.0
JT Thomas,STL,WR,27.0,16,0,0,0,0,0,0,0,0,0.0,0,47.0,20,287,14.35,0,0,0,0,0.0,0.0,29.0,48.7,51.7,38.7,0.0,93.0,0.0
Mark Bruener,PIT,TE,26.0,16,16,0,0,0,0,0,0,0,0.0,0,33.0,19,157,8.26,2,0,0,2,0.0,0.0,28.0,46.7,49.7,37.2,0.0,32.0,0.0
Quinn Early,BUF,WR,33.0,16,2,0,0,0,0,0,0,0,0.0,0,32.0,19,217,11.42,1,0,0,1,0.0,0.0,28.0,46.7,49.7,37.2,0.0,96.0,0.0
Patrick Johnson,BAL,WR,22.0,13,0,0,0,0,0,0,0,0,0.0,0,30.0,12,159,13.25,1,1,0,2,0.0,0.0,28.0,39.9,42.9,33.9,0.0,95.0,0.0
Kevin Lockett,KAN,WR,24.0,13,3,0,0,0,0,0,0,0,0.0,0,33.0,19,281,14.79,0,2,0,0,0.0,0.0,28.0,47.1,50.1,37.6,0.0,94.0,0.0
David Palmer,MIN,WR,26.0,16,0,0,0,0,0,0,10,52,5.2,0,23.0,18,185,10.28,0,2,1,1,0.0,0.0,28.0,45.7,49.7,36.7,0.0,97.0,0.0
Rodney Thomas,TEN,RB,25.0,11,0,0,0,0,0,0,24,100,4.17,2,8.0,6,55,9.17,0,0,0,2,0.0,0.0,28.0,33.5,36.5,30.5,0.0,80.0,0.0
Ty Detmer,SFO,QB,31.0,16,1,24,38,312,4,3,8,7,0.88,0,0.0,0,0,0.0,0,1,0,0,0.0,2.0,27.0,27.2,33.2,30.2,0.0,51.0,0.0
Jonathan Linton,BUF,RB,24.0,14,0,0,0,0,0,0,45,195,4.33,1,3.0,1,10,10.0,0,0,0,1,0.0,0.0,27.0,27.5,30.5,27.0,0.0,81.0,0.0
Hines Ward,PIT,WR,22.0,16,0,1,1,17,0,0,1,13,13.0,0,33.0,15,246,16.4,0,0,0,0,0.0,0.0,27.0,41.6,44.6,34.1,0.0,98.0,0.0
Ryan Wetnight,CHI,TE,28.0,15,4,0,0,0,0,0,0,0,0.0,0,32.0,23,168,7.3,2,1,1,2,0.0,0.0,27.0,49.8,53.8,38.3,0.0,33.0,0.0
Richard Huntley,PIT,RB,26.0,16,1,0,0,0,0,0,55,242,4.4,1,6.0,3,18,6.0,0,5,3,1,0.0,0.0,26.0,29.0,35.0,27.5,0.0,82.0,0.0
Ed Perry,MIA,TE,24.0,14,5,0,0,0,0,0,0,0,0.0,0,38.0,25,255,10.2,0,0,0,0,0.0,0.0,26.0,50.5,53.5,38.0,0.0,34.0,0.0
Derrick Cullors,NWE,RB,26.0,16,0,0,0,0,0,0,18,48,2.67,0,25.0,14,146,10.43,1,1,0,1,0.0,0.0,25.0,39.4,42.4,32.4,0.0,83.0,0.0
Ahman Green,SEA,RB,21.0,16,0,0,0,0,0,0,35,209,5.97,1,5.0,3,2,0.67,0,1,1,1,0.0,0.0,25.0,28.1,32.1,26.6,0.0,85.0,0.0
Willie Green,DEN,WR,32.0,15,1,0,0,0,0,0,0,0,0.0,0,25.0,16,194,12.13,1,0,0,1,0.0,0.0,25.0,41.4,44.4,33.4,0.0,99.0,0.0
Bobby Hoying,PHI,QB,26.0,8,7,114,224,961,0,9,22,84,3.82,0,0.0,0,0,0.0,0,6,2,0,0.0,0.0,25.0,24.8,38.8,33.8,0.0,52.0,0.0
Lonnie Johnson,BUF,TE,27.0,16,16,0,0,0,0,0,0,0,0.0,0,22.0,14,146,10.43,2,1,1,2,0.0,0.0,25.0,38.6,42.6,31.6,0.0,35.0,0.0
Errict Rhett,BAL,RB,28.0,13,2,0,0,0,0,0,44,180,4.09,0,14.0,11,65,5.91,0,0,0,0,0.0,0.0,25.0,35.5,38.5,30.0,0.0,87.0,0.0
Sedrick Shaw,NWE,RB,25.0,13,1,0,0,0,0,0,48,236,4.92,0,11.0,6,30,5.0,0,2,1,0,0.0,0.0,25.0,30.6,34.6,27.6,0.0,86.0,0.0
Ray Zellars,NOR,FB,25.0,11,7,0,0,0,0,0,56,162,2.89,1,16.0,10,50,5.0,0,2,1,1,0.0,0.0,25.0,35.2,39.2,30.2,0.0,84.0,0.0
Tim Dwight,ATL,WR,23.0,12,0,1,2,22,0,0,8,19,2.38,0,7.0,4,94,23.5,1,3,0,2,0.0,0.0,24.0,28.2,28.2,26.2,0.0,100.0,0.0
EG Green,IND,WR,23.0,11,0,0,0,0,0,0,0,0,0.0,0,31.0,15,177,11.8,1,0,0,1,0.0,0.0,24.0,38.7,41.7,31.2,0.0,102.0,0.0
Chuck Levy,SFO,RB,26.0,12,0,0,0,0,0,0,25,112,4.48,1,18.0,15,64,4.27,0,0,0,1,0.0,0.0,24.0,38.6,41.6,31.1,0.0,89.0,0.0
Bernie Parmalee,MIA,RB,31.0,15,0,0,0,0,0,0,8,20,2.5,0,25.0,21,221,10.52,0,2,0,0,0.0,0.0,24.0,45.1,48.1,34.6,0.0,88.0,0.0
David Patten,NYG,WR,24.0,12,0,0,0,0,0,0,0,0,0.0,0,27.0,11,119,10.82,1,0,0,2,0.0,0.0,24.0,34.9,37.9,29.4,0.0,101.0,0.0
Reggie Barlow,JAX,WR,25.0,16,2,0,0,0,0,0,0,0,0.0,0,26.0,11,168,15.27,0,1,0,1,0.0,0.0,23.0,33.8,36.8,28.3,0.0,104.0,0.0
Ty Hallock,CHI,FB,27.0,16,10,0,0,0,0,0,13,41,3.15,1,35.0,25,166,6.64,0,3,2,1,0.0,0.0,23.0,47.7,52.7,35.2,0.0,92.0,0.0
Jamie Martin,JAX,QB,28.0,4,1,27,45,355,2,0,5,8,1.6,0,0.0,0,0,0.0,0,0,0,0,0.0,0.0,23.0,23.0,26.0,23.0,0.0,53.0,0.0
Brian Milne,CIN,FB,25.0,14,14,0,0,0,0,0,10,41,4.1,1,39.0,26,124,4.77,0,0,0,1,0.0,0.0,23.0,48.5,51.5,35.5,0.0,93.0,0.0
Jon Ritchie,OAK,FB,24.0,15,10,0,0,0,0,0,9,23,2.56,0,47.0,29,225,7.76,0,2,1,0,0.0,0.0,23.0,51.8,55.8,37.3,0.0,91.0,0.0
Daimon Shelton,JAX,FB,26.0,14,8,0,0,0,0,0,30,95,3.17,1,15.0,10,79,7.9,0,0,0,1,0.0,0.0,23.0,33.4,33.4,28.4,0.0,90.0,0.0
Freddie Solomon,PHI,WR,26.0,16,1,0,0,0,0,0,0,0,0.0,0,48.0,21,193,9.19,1,0,1,1,0.0,0.0,23.0,44.3,48.3,33.8,0.0,103.0,0.0
Lamont Warren,IND,RB,25.0,12,2,0,0,0,0,0,25,61,2.44,1,17.0,11,44,4.0,1,0,0,2,0.0,0.0,23.0,33.5,33.5,28.0,0.0,94.0,0.0
Tavian Banks,JAX,RB,24.0,6,1,0,0,0,0,0,26,140,5.38,1,4.0,4,20,5.0,0,2,0,1,0.0,0.0,22.0,26.0,29.0,24.0,0.0,95.0,0.0
Vincent Brisby,NWE,WR,27.0,6,1,0,0,0,0,0,0,0,0.0,0,21.0,7,96,13.71,2,0,0,2,0.0,0.0,22.0,28.6,28.6,25.1,0.0,107.0,0.0
Steve DeBerg,ATL,QB,44.0,8,1,30,59,369,3,1,8,-10,-1.25,0,0.0,0,0,0.0,0,2,1,0,0.0,0.0,22.0,21.8,26.8,22.8,0.0,54.0,0.0
Derrick Harris,STL,FB,26.0,16,14,0,0,0,0,0,14,38,2.71,0,17.0,12,57,4.75,2,1,0,2,0.0,0.0,22.0,33.5,33.5,27.5,0.0,97.0,0.0
Matthew Hatchette,MIN,WR,24.0,5,0,0,0,0,0,0,0,0,0.0,0,25.0,15,216,14.4,0,0,0,0,0.0,0.0,22.0,36.6,39.6,29.1,0.0,108.0,0.0
Joe Horn,KAN,WR,26.0,16,1,0,0,0,0,0,1,0,0.0,0,24.0,14,198,14.14,1,2,2,1,0.0,0.0,22.0,35.8,40.8,28.8,0.0,106.0,0.0
Ron Rivers,DET,RB,27.0,15,0,0,0,0,0,0,19,102,5.37,1,3.0,3,58,19.33,0,0,0,1,0.0,0.0,22.0,25.0,28.0,23.5,0.0,96.0,0.0
James Thrash,WAS,WR,23.0,10,1,0,0,0,0,0,0,0,0.0,0,21.0,10,163,16.3,1,0,0,1,0.0,0.0,22.0,32.3,35.3,27.3,0.0,105.0,0.0
Russell Copeland,2TM,WR,27.0,14,1,0,0,0,0,0,0,0,0.0,0,44.0,20,232,11.6,0,1,1,0,0.0,0.0,21.0,41.2,45.2,31.2,0.0,109.0,0.0
Charles Evans,MIN,FB,31.0,16,8,0,0,0,0,0,23,67,2.91,1,13.0,12,84,7.0,0,0,0,1,0.0,0.0,21.0,33.1,33.1,27.1,0.0,98.0,0.0
John Friesz,SEA,QB,31.0,6,1,29,49,409,2,2,5,5,1.0,0,0.0,0,0,0.0,0,0,0,0,0.0,0.0,21.0,20.9,25.9,22.9,0.0,55.0,0.0
Glyn Milburn,CHI,RB,27.0,16,1,0,0,0,0,0,4,8,2.0,0,6.0,4,37,9.25,0,1,1,3,0.0,0.0,21.0,24.5,25.5,22.5,0.0,99.0,0.0
Lovett Purnell,NWE,TE,26.0,16,5,0,0,0,0,0,0,0,0.0,0,26.0,12,92,7.67,2,0,0,2,0.0,0.0,21.0,33.2,33.2,27.2,0.0,36.0,0.0
David Sloan,DET,TE,26.0,10,2,0,0,0,0,0,0,0,0.0,0,20.0,11,146,13.27,1,0,0,1,0.0,0.0,21.0,31.6,34.6,26.1,0.0,37.0,0.0
Greg Clark,SFO,TE,26.0,13,9,0,0,0,0,0,0,0,0.0,0,26.0,12,124,10.33,1,0,0,1,1.0,0.0,20.0,32.4,35.4,26.4,0.0,38.0,0.0
Randy Jordan,OAK,RB,28.0,16,0,0,0,0,0,0,47,159,3.38,1,3.0,3,2,0.67,0,1,1,1,0.0,0.0,20.0,23.1,27.1,21.6,0.0,100.0,0.0
Todd Kinchen,ATL,WR,29.0,11,0,0,0,0,0,0,0,0,0.0,0,20.0,11,157,14.27,1,2,1,1,0.0,0.0,20.0,30.7,34.7,25.2,0.0,110.0,0.0
Roland Williams,STL,TE,23.0,13,9,0,0,0,0,0,0,0,0.0,0,21.0,15,144,9.6,1,0,0,1,0.0,0.0,20.0,35.4,38.4,27.9,0.0,39.0,0.0
Eric Bieniemy,CIN,RB,29.0,16,0,0,0,0,0,0,17,56,3.29,0,35.0,27,153,5.67,0,1,1,0,0.0,0.0,19.0,45.9,49.9,32.4,0.0,102.0,0.0
Tremayne Stephens,SDG,RB,22.0,13,1,0,0,0,0,0,35,122,3.49,1,6.0,2,9,4.5,0,1,0,1,0.0,0.0,19.0,21.1,24.1,20.1,0.0,101.0,0.0
Scott Zolak,NWE,QB,31.0,6,2,32,75,371,3,3,5,0,0.0,0,0.0,0,0,0.0,0,1,1,0,0.0,0.0,19.0,18.8,25.8,21.8,0.0,56.0,0.0
Luther Broughton,CAR,TE,24.0,16,4,0,0,0,0,0,0,0,0.0,0,14.0,6,142,23.67,1,1,1,1,0.0,0.0,18.0,24.2,28.2,21.2,0.0,40.0,0.0
Alonzo Mayes,CHI,TE,23.0,16,16,0,0,0,0,0,0,0,0.0,0,36.0,21,217,10.33,0,2,2,0,0.0,0.0,18.0,38.7,43.7,28.2,0.0,42.0,0.0
Roell Preston,GNB,WR,26.0,16,0,0,0,0,0,0,0,0,0.0,0,2.0,2,23,11.5,0,7,1,3,0.0,0.0,18.0,20.3,21.3,19.3,0.0,111.0,0.0
Stanley Pritchett,MIA,FB,25.0,16,12,0,0,0,0,0,6,19,3.17,1,30.0,17,97,5.71,0,0,0,1,0.0,0.0,18.0,34.6,34.6,26.1,0.0,105.0,0.0
Walter Rasby,DET,TE,26.0,16,16,0,0,0,0,0,0,0,0.0,0,26.0,15,119,7.93,1,0,0,1,0.0,0.0,18.0,32.9,35.9,25.4,0.0,41.0,0.0
Tony Richardson,KAN,FB,27.0,14,1,0,0,0,0,0,20,45,2.25,2,3.0,2,13,6.5,0,0,0,2,0.0,0.0,18.0,19.8,19.8,18.8,0.0,104.0,0.0
James Roe,BAL,WR,25.0,10,3,0,0,0,0,0,0,0,0.0,0,15.0,8,115,14.38,1,0,0,1,0.0,0.0,18.0,25.5,28.5,21.5,0.0,112.0,0.0
Jerald Sowell,NYJ,FB,24.0,16,2,0,0,0,0,0,40,164,4.1,0,12.0,10,59,5.9,0,2,2,0,0.0,0.0,18.0,28.3,33.3,23.3,0.0,103.0,0.0
Mack Strong,SEA,FB,27.0,16,5,0,0,0,0,0,15,47,3.13,0,14.0,8,48,6.0,2,2,2,2,0.0,0.0,18.0,25.5,27.5,21.5,0.0,106.0,0.0
Tony Carter,NWE,FB,26.0,11,7,0,0,0,0,0,2,3,1.5,0,25.0,18,166,9.22,0,0,0,0,0.0,0.0,17.0,34.9,37.9,25.9,0.0,107.0,0.0
James Hundon,CIN,WR,27.0,9,3,0,0,0,0,0,0,0,0.0,0,21.0,10,112,11.2,1,0,0,1,0.0,0.0,17.0,27.2,30.2,22.2,0.0,114.0,0.0
Willie Jackson,CIN,WR,27.0,8,0,0,0,0,0,0,0,0,0.0,0,16.0,7,165,23.57,0,0,0,0,0.0,0.0,17.0,23.5,26.5,20.0,0.0,115.0,0.0
Paul Justin,CIN,QB,30.0,5,3,34,63,426,1,3,1,2,2.0,0,0.0,0,0,0.0,0,0,0,0,1.0,0.0,17.0,17.2,23.2,20.2,0.0,57.0,0.0
Scott Mitchell,DET,QB,30.0,2,2,38,75,452,1,3,7,30,4.29,0,0.0,0,0,0.0,0,1,1,0,0.0,0.0,17.0,17.1,24.1,20.1,0.0,58.0,0.0
Chris Thomas,WAS,WR,27.0,14,0,0,0,0,0,0,0,0,0.0,0,20.0,14,173,12.36,0,0,0,0,0.0,0.0,17.0,31.3,34.3,24.3,0.0,113.0,0.0
Brian Blades,SEA,WR,33.0,16,6,0,0,0,0,0,0,0,0.0,0,28.0,15,184,12.27,0,1,1,0,0.0,0.0,16.0,31.4,35.4,23.9,0.0,116.0,0.0
Vaughn Hebron,DEN,RB,28.0,15,0,0,0,0,0,0,9,31,3.44,1,3.0,2,5,2.5,0,0,0,2,0.0,0.0,16.0,17.6,17.6,16.6,0.0,108.0,0.0
Brian Kozlowski,ATL,TE,28.0,16,4,0,0,0,0,0,0,0,0.0,0,12.0,10,103,10.3,1,0,0,1,0.0,0.0,16.0,26.3,29.3,21.3,0.0,43.0,0.0
Jay Graham,BAL,RB,23.0,5,1,0,0,0,0,0,35,109,3.11,0,10.0,5,41,8.2,0,0,0,0,0.0,0.0,15.0,20.0,23.0,17.5,0.0,109.0,0.0
Brice Hunter,TAM,WR,24.0,10,0,0,0,0,0,0,0,0,0.0,0,10.0,4,73,18.25,1,0,0,1,1.0,0.0,15.0,19.3,19.3,17.3,0.0,117.0,0.0
Joe Jurevicius,NYG,WR,24.0,14,1,0,0,0,0,0,0,0,0.0,0,22.0,9,146,16.22,0,0,0,0,0.0,0.0,15.0,23.6,26.6,19.1,0.0,118.0,0.0
Michael Roan,TEN,TE,26.0,16,1,0,0,0,0,0,0,0,0.0,0,22.0,13,93,7.15,0,1,0,1,0.0,0.0,15.0,28.3,28.3,21.8,0.0,44.0,0.0
Daryl Johnston,DAL,FB,32.0,16,13,0,0,0,0,0,8,17,2.13,0,23.0,18,60,3.33,1,0,0,1,0.0,0.0,14.0,31.7,31.7,22.7,0.0,111.0,0.0
Fred McAfee,PIT,RB,30.0,14,0,0,0,0,0,0,18,111,6.17,0,13.0,9,27,3.0,0,0,0,0,0.0,0.0,14.0,22.8,25.8,18.3,0.0,110.0,0.0
Stepfret Williams,CIN,WR,25.0,5,0,0,0,0,0,0,0,0,0.0,0,13.0,6,81,13.5,1,0,0,1,0.0,0.0,14.0,20.1,20.1,17.1,0.0,119.0,0.0
Fabien Bownes,CHI,WR,26.0,16,0,0,0,0,0,0,0,0,0.0,0,9.0,5,69,13.8,1,0,0,1,0.0,0.0,13.0,17.9,17.9,15.4,0.0,120.0,0.0
Jason Dunn,PHI,TE,25.0,10,10,0,0,0,0,0,1,-5,-5.0,0,30.0,18,132,7.33,0,1,0,0,0.0,0.0,13.0,30.7,33.7,21.7,0.0,45.0,0.0
George Jones,JAX,RB,25.0,12,0,0,0,0,0,0,39,121,3.1,0,2.0,1,9,9.0,0,0,0,0,0.0,0.0,13.0,14.0,17.0,13.5,0.0,112.0,0.0
Mike Archie,TEN,RB,26.0,16,0,1,2,18,1,0,6,24,4.0,1,5.0,5,25,5.0,0,3,2,1,0.0,0.0,12.0,16.6,18.6,14.1,0.0,114.0,0.0
Larry Bowie,WAS,FB,25.0,5,4,0,0,0,0,0,4,8,2.0,0,10.0,7,53,7.57,1,0,0,1,0.0,0.0,12.0,19.1,19.1,15.6,0.0,113.0,0.0
Pete Chryplewicz,DET,TE,24.0,16,2,0,0,0,0,0,0,0,0.0,0,7.0,4,20,5.0,2,1,1,2,0.0,0.0,12.0,16.0,17.0,14.0,0.0,46.0,0.0
Henry Ellard,2TM,WR,37.0,7,0,0,0,0,0,0,0,0,0.0,0,18.0,7,115,16.43,0,0,0,0,0.0,0.0,12.0,18.5,21.5,15.0,0.0,124.0,0.0
Eric Guliford,NOR,WR,29.0,5,1,0,0,0,0,0,0,0,0.0,0,19.0,10,124,12.4,0,1,0,0,0.0,0.0,12.0,22.4,25.4,17.4,0.0,121.0,0.0
Billy Joe Hobert,NOR,QB,27.0,1,1,11,23,170,1,0,2,13,6.5,0,0.0,0,0,0.0,0,0,0,0,0.0,0.0,12.0,12.1,12.1,12.1,0.0,60.0,0.0
Nate Jacquet,MIA,WR,23.0,15,0,0,0,0,0,0,0,0,0.0,0,16.0,8,122,15.25,0,0,0,0,0.0,0.0,12.0,20.2,23.2,16.2,0.0,123.0,0.0
Robb Thomas,TAM,WR,32.0,7,0,0,0,0,0,0,0,0,0.0,0,5.0,2,63,31.5,1,0,0,1,0.0,0.0,12.0,14.3,14.3,13.3,0.0,122.0,0.0
Mike Tomczak,PIT,QB,36.0,16,0,21,30,204,2,2,0,0,0.0,0,0.0,0,0,0.0,0,2,2,0,0.0,2.0,12.0,12.2,16.2,14.2,0.0,59.0,0.0
Marco Battaglia,CIN,TE,25.0,16,0,0,0,0,0,0,0,0,0.0,0,20.0,10,47,4.7,1,1,0,1,0.0,0.0,11.0,20.7,20.7,15.7,0.0,49.0,0.0
Tommie Boyd,DET,WR,27.0,9,0,0,0,0,0,0,0,0,0.0,0,11.0,4,52,13.0,1,0,0,1,0.0,0.0,11.0,15.2,15.2,13.2,0.0,125.0,0.0
Andre Coleman,PIT,WR,26.0,4,0,0,0,0,0,0,0,0,0.0,0,13.0,4,49,12.25,1,1,0,1,0.0,0.0,11.0,14.9,14.9,12.9,0.0,126.0,0.0
Ernie Conwell,STL,TE,26.0,7,7,0,0,0,0,0,0,0,0.0,0,30.0,15,105,7.0,0,0,0,0,0.0,0.0,11.0,25.5,28.5,18.0,0.0,50.0,0.0
Carlester Crumpler,SEA,TE,27.0,11,1,0,0,0,0,0,0,0,0.0,0,11.0,6,52,8.67,1,0,0,1,0.0,0.0,11.0,17.2,17.2,14.2,0.0,47.0,0.0
Gus Frerotte,WAS,QB,27.0,3,2,25,54,283,1,3,3,20,6.67,0,0.0,0,0,0.0,0,0,0,0,0.0,0.0,11.0,11.3,14.3,14.3,0.0,61.0,0.0
Brian Kinchen,BAL,TE,33.0,16,5,0,0,0,0,0,0,0,0.0,0,20.0,13,110,8.46,0,0,0,0,0.0,0.0,11.0,24.0,27.0,17.5,0.0,48.0,0.0
Doug Pederson,GNB,QB,30.0,12,0,14,24,128,2,0,8,-4,-0.5,0,0.0,0,0,0.0,0,1,1,0,0.0,0.0,11.0,10.7,11.7,10.7,0.0,62.0,0.0
Chris Sanders,TEN,WR,26.0,14,1,0,0,0,0,0,1,-9,-9.0,0,20.0,5,136,27.2,0,1,1,0,0.0,0.0,11.0,15.7,19.7,13.2,0.0,127.0,0.0
Rashaan Shehee,KAN,RB,23.0,16,0,0,0,0,0,0,22,57,2.59,0,22.0,10,73,7.3,0,2,1,0,0.0,0.0,11.0,21.0,22.0,16.0,0.0,115.0,0.0
Desmond Howard,OAK,WR,28.0,15,1,0,0,0,0,0,0,0,0.0,0,2.0,2,16,8.0,0,4,2,2,0.0,0.0,10.0,11.6,13.6,10.6,0.0,129.0,0.0
Lorenzo Neal,TAM,FB,28.0,16,1,0,0,0,0,0,5,25,5.0,0,8.0,5,14,2.8,1,0,0,1,0.0,0.0,10.0,14.9,14.9,12.4,0.0,117.0,0.0
Wilmont Perry,NOR,RB,23.0,6,2,0,0,0,0,0,30,122,4.07,0,6.0,1,2,2.0,0,1,1,0,0.0,0.0,10.0,11.4,15.4,10.9,0.0,116.0,0.0
Marcus Robinson,CHI,WR,23.0,3,0,0,0,0,0,0,0,0,0.0,0,6.0,4,44,11.0,1,0,0,1,0.0,0.0,10.0,14.4,14.4,12.4,0.0,128.0,0.0
Kaseem Sinceno,PHI,TE,22.0,10,0,0,0,0,0,0,0,0,0.0,0,8.0,3,42,14.0,1,1,0,1,0.0,0.0,10.0,13.2,13.2,11.7,0.0,51.0,0.0
Steve Broussard,SEA,RB,31.0,15,0,0,0,0,0,0,5,4,0.8,0,7.0,4,21,5.25,0,1,0,1,0.0,0.0,9.0,12.5,12.5,10.5,0.0,120.0,0.0
Derek Brown,OAK,TE,28.0,16,4,0,0,0,0,0,0,0,0.0,0,8.0,7,89,12.71,0,0,0,0,0.0,0.0,9.0,15.9,15.9,12.4,0.0,54.0,0.0
David Dunn,2TM,WR,26.0,11,0,0,0,0,0,0,0,0,0.0,0,17.0,9,87,9.67,0,1,0,0,0.0,0.0,9.0,17.7,17.7,13.2,0.0,131.0,0.0
Chris Fontenot,PHI,TE,24.0,5,3,0,0,0,0,0,0,0,0.0,0,12.0,8,90,11.25,0,0,0,0,0.0,0.0,9.0,17.0,17.0,13.0,0.0,52.0,0.0
Ted Popson,KAN,TE,32.0,12,1,0,0,0,0,0,0,0,0.0,0,18.0,13,90,6.92,0,0,0,0,0.0,0.0,9.0,22.0,22.0,15.5,0.0,53.0,0.0
Cory Schlesinger,DET,FB,26.0,15,2,0,0,0,0,0,5,17,3.4,0,6.0,3,16,5.33,1,0,0,1,0.0,0.0,9.0,12.3,12.3,10.8,0.0,118.0,0.0
Webster Slaughter,SDG,WR,34.0,10,0,0,0,0,0,0,0,0,0.0,0,23.0,8,93,11.63,0,0,0,0,0.0,0.0,9.0,17.3,17.3,13.3,0.0,130.0,0.0
Jeff Thomason,GNB,TE,29.0,16,2,0,0,0,0,0,0,0,0.0,0,10.0,9,89,9.89,0,0,0,0,0.0,0.0,9.0,17.9,17.9,13.4,0.0,55.0,0.0
Corey Walker,PHI,RB,25.0,14,0,0,0,0,0,0,12,55,4.58,0,2.0,2,35,17.5,0,0,0,0,0.0,0.0,9.0,11.0,11.0,10.0,0.0,119.0,0.0
Moses Moreno,CHI,QB,23.0,2,1,19,43,166,1,0,4,9,2.25,0,0.0,0,0,0.0,0,2,2,0,0.0,0.0,8.0,7.5,9.5,7.5,0.0,63.0,0.0
Marcus Nash,DEN,WR,22.0,8,0,0,0,0,0,0,0,0,0.0,0,5.0,4,76,19.0,0,0,0,0,0.0,0.0,8.0,11.6,11.6,9.6,0.0,133.0,0.0
Jeff Ogden,DAL,WR,23.0,16,0,0,0,0,0,0,1,12,12.0,0,15.0,8,63,7.88,0,1,0,0,0.0,0.0,8.0,15.5,15.5,11.5,0.0,134.0,0.0
Brian Stablein,DET,WR,28.0,10,0,0,0,0,0,0,0,0,0.0,0,11.0,7,80,11.43,0,0,0,0,0.0,0.0,8.0,15.0,15.0,11.5,0.0,132.0,0.0
Jon Witman,PIT,FB,26.0,16,9,0,0,0,0,0,1,2,2.0,0,20.0,13,74,5.69,0,0,0,0,0.0,0.0,8.0,20.6,20.6,14.1,0.0,121.0,0.0
Isaac Byrd,TEN,WR,24.0,4,3,0,0,0,0,0,0,0,0.0,0,8.0,6,71,11.83,0,0,0,0,0.0,0.0,7.0,13.1,13.1,10.1,0.0,136.0,0.0
Howard Cross,NYG,TE,31.0,16,16,0,0,0,0,0,0,0,0.0,0,29.0,13,90,6.92,0,2,1,0,0.0,0.0,7.0,20.0,21.0,13.5,0.0,57.0,0.0
John Davis,TAM,TE,25.0,16,0,0,0,0,0,0,0,0,0.0,0,3.0,2,12,6.0,1,0,0,1,0.0,0.0,7.0,9.2,9.2,8.2,0.0,56.0,0.0
Harold Green,ATL,RB,30.0,6,0,0,0,0,0,0,20,37,1.85,0,2.0,2,34,17.0,0,1,0,0,0.0,0.0,7.0,9.1,9.1,8.1,0.0,122.0,0.0
Mark Harris,SFO,WR,28.0,10,0,0,0,0,0,0,0,0,0.0,0,2.0,2,67,33.5,0,0,0,0,0.0,0.0,7.0,8.7,8.7,7.7,0.0,137.0,0.0
Deems May,SEA,TE,29.0,16,1,0,0,0,0,0,0,0,0.0,0,3.0,3,7,2.33,1,0,0,1,0.0,0.0,7.0,9.7,9.7,8.2,0.0,58.0,0.0
Michael Pittman,ARI,RB,23.0,15,0,0,0,0,0,0,29,91,3.14,0,0.0,0,0,0.0,0,1,1,0,0.0,0.0,7.0,7.1,8.1,7.1,0.0,123.0,0.0
Iheanyi Uwaezuoke,2TM,WR,25.0,11,0,0,0,0,0,0,0,0,0.0,0,8.0,3,67,22.33,0,0,0,0,0.0,0.0,7.0,9.7,9.7,8.2,0.0,138.0,0.0
Alvis Whitted,JAX,WR,24.0,16,0,0,0,0,0,0,3,13,4.33,0,6.0,2,61,30.5,0,0,0,0,0.0,0.0,7.0,9.4,9.4,8.4,0.0,135.0,0.0
Michael Bates,CAR,RB,29.0,14,0,0,0,0,0,0,0,0,0.0,0,0.0,0,0,0.0,0,1,0,1,0.0,0.0,6.0,6.0,6.0,6.0,0.0,125.0,0.0
Rae Carruth,CAR,WR,24.0,2,1,0,0,0,0,0,0,0,0.0,0,5.0,4,59,14.75,0,0,0,0,0.0,0.0,6.0,9.9,9.9,7.9,0.0,143.0,0.0
Greg DeLong,MIN,TE,25.0,15,5,0,0,0,0,0,0,0,0.0,0,10.0,8,58,7.25,0,0,0,0,0.0,0.0,6.0,13.8,13.8,9.8,0.0,59.0,0.0
Tony Graziani,ATL,QB,25.0,4,1,16,33,199,0,2,4,21,5.25,0,1.0,0,0,0.0,0,0,0,0,0.0,0.0,6.0,6.1,8.1,8.1,0.0,65.0,0.0
Donald Hayes,CAR,WR,23.0,7,0,0,0,0,0,0,0,0,0.0,0,9.0,3,62,20.67,0,0,0,0,0.0,0.0,6.0,9.2,9.2,7.7,0.0,139.0,0.0
Tony Horne,STL,WR,22.0,16,0,0,0,0,0,0,0,0,0.0,0,0.0,0,0,0.0,0,1,0,1,0.0,0.0,6.0,6.0,6.0,6.0,0.0,142.0,0.0
Dietrich Jells,PHI,WR,26.0,9,0,0,0,0,0,0,2,9,4.5,0,9.0,2,53,26.5,0,0,0,0,0.0,0.0,6.0,8.2,8.2,7.2,0.0,140.0,0.0
Joey Kent,TEN,WR,24.0,10,0,0,0,0,0,0,0,0,0.0,0,8.0,4,62,15.5,0,0,0,0,0.0,0.0,6.0,10.2,10.2,8.2,0.0,141.0,0.0
Eric Kresser,CIN,QB,25.0,2,0,10,21,164,1,2,1,-1,-1.0,0,0.0,0,0,0.0,0,0,0,0,0.0,0.0,6.0,6.5,8.5,8.5,0.0,64.0,0.0
Dave Krieg,TEN,QB,40.0,5,0,12,21,199,0,0,3,-1,-0.33,0,0.0,0,0,0.0,0,3,1,0,0.0,0.0,6.0,5.9,6.9,5.9,0.0,66.0,0.0
Moe Williams,MIN,RB,24.0,12,1,0,0,0,0,0,0,0,0.0,0,1.0,1,64,64.0,0,1,0,0,0.0,0.0,6.0,7.4,7.4,6.9,0.0,124.0,0.0
Tyji Armstrong,STL,TE,28.0,12,0,0,0,0,0,0,0,0,0.0,0,11.0,6,54,9.0,0,0,0,0,0.0,0.0,5.0,11.4,11.4,8.4,0.0,60.0,0.0
Fred Baxter,NYJ,TE,27.0,14,2,0,0,0,0,0,0,0,0.0,0,7.0,3,50,16.67,0,0,0,0,0.0,0.0,5.0,8.0,8.0,6.5,0.0,62.0,0.0
Dwayne Carswell,DEN,TE,26.0,16,1,0,0,0,0,0,0,0,0.0,0,10.0,4,51,12.75,0,0,0,0,0.0,0.0,5.0,9.1,9.1,7.1,0.0,61.0,0.0
Tim Lester,PIT,FB,30.0,9,7,0,0,0,0,0,0,0,0.0,0,13.0,9,46,5.11,0,0,0,0,0.0,0.0,5.0,13.6,13.6,9.1,0.0,127.0,0.0
Kenny Shedd,OAK,WR,27.0,15,0,0,0,0,0,0,0,0,0.0,0,6.0,3,50,16.67,0,0,0,0,0.0,0.0,5.0,8.0,8.0,6.5,0.0,144.0,0.0
Chris Walsh,MIN,WR,30.0,15,0,0,0,0,0,0,0,0,0.0,0,4.0,2,46,23.0,0,0,0,0,0.0,0.0,5.0,6.6,6.6,5.6,0.0,145.0,0.0
Tyrone Wheatley,NYG,RB,26.0,5,0,0,0,0,0,0,14,52,3.71,0,0.0,0,0,0.0,0,0,0,0,0.0,0.0,5.0,5.2,5.2,5.2,0.0,126.0,0.0
Steve Bush,CIN,TE,24.0,12,2,0,0,0,0,0,0,0,0.0,0,4.0,4,39,9.75,0,0,0,0,0.0,0.0,4.0,7.9,7.9,5.9,0.0,63.0,0.0
Byron Chamberlain,DEN,TE,27.0,16,0,0,0,0,0,0,0,0,0.0,0,5.0,3,35,11.67,0,0,0,0,0.0,0.0,4.0,6.5,6.5,5.0,0.0,64.0,0.0
Gary Downs,ATL,RB,26.0,16,1,0,0,0,0,0,1,4,4.0,0,6.0,4,31,7.75,0,0,0,0,0.0,0.0,4.0,7.5,7.5,5.5,0.0,130.0,0.0
Keith Elias,IND,RB,26.0,13,0,0,0,0,0,0,8,24,3.0,0,1.0,1,11,11.0,0,0,0,0,0.0,0.0,4.0,4.5,4.5,4.0,0.0,131.0,0.0
Dave Meggett,NYJ,RB,32.0,2,0,0,0,0,0,0,7,24,3.43,0,3.0,1,15,15.0,0,0,0,0,0.0,0.0,4.0,4.9,4.9,4.4,0.0,129.0,0.0
Ken Oxendine,ATL,RB,23.0,9,0,0,0,0,0,0,18,50,2.78,0,1.0,1,11,11.0,0,1,1,0,0.0,0.0,4.0,5.1,6.1,4.6,0.0,128.0,0.0
Alex Van Dyke,NYJ,WR,24.0,16,0,0,0,0,0,0,0,0,0.0,0,8.0,5,40,8.0,0,0,0,0,0.0,0.0,4.0,9.0,9.0,6.5,0.0,146.0,0.0
Ryan Yarborough,BAL,WR,27.0,6,1,0,0,0,0,0,0,0,0.0,0,7.0,4,39,9.75,0,0,0,0,0.0,0.0,4.0,7.9,7.9,5.9,0.0,147.0,0.0
Michael Blair,2TM,RB,24.0,13,0,0,0,0,0,0,3,7,2.33,0,3.0,3,20,6.67,0,1,0,0,0.0,0.0,3.0,5.7,5.7,4.2,0.0,135.0,0.0
Corey Bradford,GNB,WR,23.0,8,0,0,0,0,0,0,0,0,0.0,0,7.0,3,27,9.0,0,1,0,0,0.0,0.0,3.0,5.7,5.7,4.2,0.0,148.0,0.0
John Burke,SDG,TE,27.0,10,6,0,0,0,0,0,0,0,0.0,0,5.0,3,32,10.67,0,0,0,0,0.0,0.0,3.0,6.2,6.2,4.7,0.0,66.0,0.0
Kenny Bynum,SDG,RB,24.0,10,0,0,0,0,0,0,11,23,2.09,0,5.0,4,27,6.75,0,3,1,0,0.0,0.0,3.0,7.0,8.0,5.0,0.0,132.0,0.0
KiJana Carter,CIN,RB,25.0,1,0,0,0,0,0,0,2,4,2.0,0,6.0,6,25,4.17,0,0,0,0,0.0,0.0,3.0,8.9,8.9,5.9,0.0,133.0,0.0
Hayward Clay,DAL,TE,25.0,3,2,0,0,0,0,0,0,0,0.0,0,1.0,1,27,27.0,0,0,0,0,0.0,0.0,3.0,3.7,3.7,3.2,0.0,68.0,0.0
Chris Floyd,NWE,RB,23.0,16,2,0,0,0,0,0,6,22,3.67,0,2.0,1,6,6.0,0,0,0,0,0.0,0.0,3.0,3.8,3.8,3.3,0.0,134.0,0.0
Andy Haase,NYG,TE,24.0,7,1,0,0,0,0,0,0,0,0.0,0,2.0,2,33,16.5,0,0,0,0,0.0,0.0,3.0,5.3,5.3,4.3,0.0,65.0,0.0
Patrick Hape,TAM,TE,24.0,16,2,0,0,0,0,0,0,0,0.0,0,8.0,4,27,6.75,0,1,1,0,1.0,0.0,3.0,6.7,7.7,4.7,0.0,69.0,0.0
Frank Hartley,SDG,TE,31.0,16,3,0,0,0,0,0,0,0,0.0,0,4.0,2,28,14.0,0,0,0,0,0.0,0.0,3.0,4.8,4.8,3.8,0.0,67.0,0.0
Ray Lucas,NYJ,QB,26.0,15,0,1,3,27,0,0,5,23,4.6,0,0.0,0,0,0.0,0,0,0,0,0.0,0.0,3.0,3.4,3.4,3.4,0.0,67.0,0.0
Justin Armour,DEN,WR,25.0,8,0,0,0,0,0,0,0,0,0.0,0,5.0,1,23,23.0,0,0,0,0,0.0,0.0,2.0,3.3,3.3,2.8,0.0,149.0,0.0
Wendell Davis,SDG,TE,23.0,11,7,0,0,0,0,0,0,0,0.0,0,5.0,4,23,5.75,0,0,0,0,0.0,0.0,2.0,6.3,6.3,4.3,0.0,70.0,0.0
Jerry Ellison,TAM,RB,27.0,16,0,0,0,0,0,0,9,24,2.67,0,0.0,0,0,0.0,0,0,0,0,0.0,0.0,2.0,2.4,2.4,2.4,0.0,136.0,0.0
Hunter Goodwin,MIN,TE,26.0,15,0,0,0,0,0,0,0,0,0.0,0,3.0,3,16,5.33,0,0,0,0,0.0,0.0,2.0,4.6,4.6,3.1,0.0,74.0,0.0
Craig Heyward,IND,RB,32.0,4,3,0,0,0,0,0,6,15,2.5,0,1.0,1,9,9.0,0,0,0,0,0.0,0.0,2.0,3.4,3.4,2.9,0.0,137.0,0.0
Chris Howard,JAX,RB,23.0,8,0,0,0,0,0,0,7,16,2.29,0,1.0,1,3,3.0,0,0,0,0,0.0,0.0,2.0,2.9,2.9,2.4,0.0,139.0,0.0
Danan Hughes,KAN,WR,28.0,16,0,1,1,25,0,0,0,0,0.0,0,6.0,1,10,10.0,0,0,0,0,0.0,0.0,2.0,3.0,3.0,2.5,0.0,150.0,0.0
Charles Jordan,MIA,WR,29.0,3,0,0,0,0,0,0,0,0,0.0,0,5.0,2,17,8.5,0,2,0,0,0.0,0.0,2.0,3.7,3.7,2.7,0.0,151.0,0.0
Mitch Lyons,PIT,TE,28.0,15,0,0,0,0,0,0,0,0,0.0,0,4.0,3,19,6.33,0,0,0,0,0.0,0.0,2.0,4.9,4.9,3.4,0.0,72.0,0.0
Itula Mili,SEA,TE,25.0,7,0,0,0,0,0,0,0,0,0.0,0,2.0,1,20,20.0,0,0,0,0,0.0,0.0,2.0,3.0,3.0,2.5,0.0,71.0,0.0
Mike Sellers,WAS,TE,23.0,14,1,0,0,0,0,0,0,0,0.0,0,7.0,3,18,6.0,0,0,0,0,0.0,0.0,2.0,4.8,4.8,3.3,0.0,73.0,0.0
Detron Smith,DEN,RB,24.0,15,2,0,0,0,0,0,0,0,0.0,0,6.0,3,24,8.0,0,0,0,0,0.0,0.0,2.0,5.4,5.4,3.9,0.0,138.0,0.0
Kurt Warner,STL,QB,27.0,1,0,4,11,39,0,0,0,0,0.0,0,0.0,0,0,0.0,0,0,0,0,0.0,0.0,2.0,1.6,1.6,1.6,0.0,68.0,0.0
Brian Alford,NYG,WR,23.0,2,0,0,0,0,0,0,0,0,0.0,0,6.0,1,11,11.0,0,0,0,0,0.0,0.0,1.0,2.1,2.1,1.6,0.0,154.0,0.0
Richie Anderson,NYJ,FB,27.0,8,1,0,0,0,0,0,1,2,2.0,0,5.0,3,12,4.0,0,0,0,0,0.0,0.0,1.0,4.4,4.4,2.9,0.0,140.0,0.0
Ronnie Anderson,ARI,WR,24.0,4,0,0,0,0,0,0,0,0,0.0,0,3.0,1,8,8.0,0,0,0,0,0.0,0.0,1.0,1.8,1.8,1.3,0.0,156.0,0.0
Fred Beasley,SFO,FB,24.0,16,0,0,0,0,0,0,0,0,0.0,0,1.0,1,11,11.0,0,0,0,0,0.0,0.0,1.0,2.1,2.1,1.6,0.0,141.0,0.0
Fred Brock,ARI,WR,24.0,12,0,0,0,0,0,0,0,0,0.0,0,7.0,2,12,6.0,0,0,0,0,0.0,0.0,1.0,3.2,3.2,2.2,0.0,153.0,0.0
Dave Brown,ARI,QB,28.0,1,0,2,5,31,0,0,1,2,2.0,0,0.0,0,0,0.0,0,0,0,0,0.0,0.0,1.0,1.4,1.4,1.4,0.0,69.0,0.0
Greg Comella,NYG,FB,23.0,16,0,0,0,0,0,0,1,6,6.0,0,4.0,1,3,3.0,0,0,0,0,0.0,0.0,1.0,1.9,1.9,1.4,0.0,142.0,0.0
Kenyon Cotton,BAL,RB,24.0,12,0,0,0,0,0,0,2,8,4.0,0,0.0,0,0,0.0,0,0,0,0,0.0,0.0,1.0,0.8,0.8,0.8,0.0,143.0,0.0
Todd Doxzon,MIA,WR,23.0,9,0,0,0,0,0,0,2,6,3.0,0,1.0,0,0,0.0,0,0,0,0,0.0,0.0,1.0,0.6,0.6,0.6,0.0,158.0,0.0
John Farquhar,NOR,TE,26.0,5,0,0,0,0,0,0,0,0,0.0,0,5.0,1,13,13.0,0,0,0,0,0.0,0.0,1.0,2.3,2.3,1.8,0.0,76.0,0.0
Ronnie Harris,2TM,WR,28.0,8,0,0,0,0,0,0,0,0,0.0,0,2.0,1,14,14.0,0,2,0,0,0.0,0.0,1.0,2.4,2.4,1.9,0.0,152.0,0.0
Damon Huard,MIA,QB,25.0,2,0,6,9,85,0,1,0,0,0.0,0,0.0,0,0,0.0,0,0,0,0,0.0,0.0,1.0,1.4,2.4,2.4,0.0,70.0,0.0
Jimmie Johnson,PHI,TE,32.0,3,3,0,0,0,0,0,0,0,0.0,0,2.0,2,14,7.0,0,0,0,0,0.0,0.0,1.0,3.4,3.4,2.4,0.0,75.0,0.0
Tony Johnson,NOR,TE,26.0,11,0,0,0,0,0,0,0,0,0.0,0,4.0,1,8,8.0,0,0,0,0,0.0,0.0,1.0,1.8,1.8,1.3,0.0,80.0,0.0
Andrew Jordan,PHI,TE,26.0,3,0,0,0,0,0,0,0,0,0.0,0,2.0,2,9,4.5,0,0,0,0,0.0,0.0,1.0,2.9,2.9,1.9,0.0,79.0,0.0
Henry Lusk,MIA,TE,26.0,3,1,0,0,0,0,0,1,7,7.0,0,0.0,0,0,0.0,0,0,0,0,0.0,0.0,1.0,0.7,0.7,0.7,0.0,81.0,0.0
Kris Mangum,CAR,TE,25.0,6,0,0,0,0,0,0,0,0,0.0,0,1.0,1,5,5.0,0,0,0,0,0.0,0.0,1.0,1.5,1.5,1.0,0.0,82.0,0.0
Steve Matthews,TEN,QB,28.0,1,0,2,3,24,0,0,0,0,0.0,0,0.0,0,0,0.0,0,0,0,0,0.0,0.0,1.0,1.0,1.0,1.0,0.0,71.0,0.0
Will Moore,JAX,WR,28.0,16,0,0,0,0,0,0,0,0,0.0,0,4.0,1,9,9.0,0,0,0,0,0.0,0.0,1.0,1.9,1.9,1.4,0.0,155.0,0.0
Harold Morrow,MIN,FB,25.0,11,0,0,0,0,0,0,3,7,2.33,0,0.0,0,0,0.0,0,0,0,0,0.0,0.0,1.0,0.7,0.7,0.7,0.0,144.0,0.0
Scott Slutzker,NOR,TE,26.0,3,0,0,0,0,0,0,0,0,0.0,0,1.0,1,10,10.0,0,0,0,0,0.0,0.0,1.0,2.0,2.0,1.5,0.0,77.0,0.0
Blake Spence,NYJ,TE,23.0,5,0,0,0,0,0,0,0,0,0.0,0,1.0,1,5,5.0,0,0,0,0,0.0,0.0,1.0,1.5,1.5,1.0,0.0,83.0,0.0
Dwight Stone,CAR,WR,34.0,16,0,0,0,0,0,0,0,0,0.0,0,3.0,1,7,7.0,0,0,0,0,0.0,0.0,1.0,1.7,1.7,1.2,0.0,157.0,0.0
Josh Wilcox,NOR,TE,24.0,3,1,0,0,0,0,0,0,0,0.0,0,1.0,1,10,10.0,0,0,0,0,0.0,0.0,1.0,2.0,2.0,1.5,0.0,78.0,0.0
Pooh Bear Williams,BUF,RB,23.0,3,0,0,0,0,0,0,2,5,2.5,0,0.0,0,0,0.0,0,0,0,0,0.0,0.0,1.0,0.5,0.5,0.5,0.0,145.0,0.0
John Allred,CHI,TE,24.0,4,0,0,0,0,0,0,0,0,0.0,0,0.0,0,0,0.0,0,0,0,0,0.0,0.0,0.0,0.0,0.0,0.0,0.0,86.0,0.0
Jahine Arnold,PIT,WR,25.0,3,0,0,0,0,0,0,0,0,0.0,0,4.0,0,0,0.0,0,0,0,0,0.0,0.0,0.0,0.0,0.0,0.0,0.0,160.0,0.0
Obafemi Ayanbadejo,MIN,RB,23.0,1,0,0,0,0,0,0,0,0,0.0,0,0.0,0,0,0.0,0,0,0,0,0.0,0.0,0.0,0.0,0.0,0.0,0.0,148.0,0.0
Harold Bishop,PIT,TE,28.0,7,1,0,0,0,0,0,0,0,0.0,0,3.0,1,4,4.0,0,0,0,0,0.0,0.0,0.0,1.4,1.4,0.9,0.0,84.0,0.0
Tony Bland,MIN,WR,26.0,1,0,0,0,0,0,0,0,0,0.0,0,0.0,0,0,0.0,0,0,0,0,0.0,0.0,0.0,0.0,0.0,0.0,0.0,161.0,0.0
James Bostic,PHI,RB,26.0,2,0,0,0,0,0,0,0,0,0.0,0,0.0,0,0,0.0,0,0,0,0,0.0,0.0,0.0,0.0,0.0,0.0,0.0,149.0,0.0
Jeremy Brigham,OAK,TE,23.0,2,0,0,0,0,0,0,0,0,0.0,0,0.0,0,0,0.0,0,0,0,0,0.0,0.0,0.0,0.0,0.0,0.0,0.0,87.0,0.0
Reggie Brown,SEA,FB,25.0,15,1,0,0,0,0,0,1,2,2.0,0,0.0,0,0,0.0,0,0,0,0,0.0,0.0,0.0,0.2,0.2,0.2,0.0,146.0,0.0
Mike Cherry,NYG,QB,25.0,1,0,0,1,0,0,0,3,-3,-1.0,0,0.0,0,0,0.0,0,0,0,0,0.0,0.0,0.0,-0.3,-0.3,-0.3,0.0,75.0,0.0
Horace Copeland,MIA,WR,27.0,2,0,0,0,0,0,0,0,0,0.0,0,2.0,0,0,0.0,0,0,0,0,0.0,0.0,0.0,0.0,0.0,0.0,0.0,162.0,0.0
Kirby Dar Dar,MIA,WR,26.0,2,0,0,0,0,0,0,0,0,0.0,0,0.0,0,0,0.0,0,0,0,0,0.0,0.0,0.0,0.0,0.0,0.0,0.0,163.0,0.0
Jim Druckenmiller,SFO,QB,26.0,2,0,0,0,0,0,0,3,-4,-1.33,0,0.0,0,0,0.0,0,0,0,0,0.0,0.0,0.0,-0.4,-0.4,-0.4,0.0,76.0,0.0
Mike Dulaney,CAR,RB,28.0,8,0,0,0,0,0,0,0,0,0.0,0,0.0,0,0,0.0,0,0,0,0,0.0,0.0,0.0,0.0,0.0,0.0,0.0,150.0,0.0
Chad Fann,SFO,TE,28.0,12,0,0,0,0,0,0,0,0,0.0,0,1.0,0,0,0.0,0,0,0,0,0.0,0.0,0.0,0.0,0.0,0.0,0.0,88.0,0.0
Tony Gaiter,SDG,WR,24.0,5,0,0,0,0,0,0,0,0,0.0,0,0.0,0,0,0.0,0,1,0,0,0.0,0.0,0.0,0.0,0.0,0.0,0.0,164.0,0.0
Scott Galbraith,GNB,TE,31.0,1,0,0,0,0,0,0,0,0,0.0,0,0.0,0,0,0.0,0,0,0,0,0.0,0.0,0.0,0.0,0.0,0.0,0.0,89.0,0.0
Spencer George,TEN,RB,25.0,5,0,0,0,0,0,0,0,0,0.0,0,0.0,0,0,0.0,0,0,0,0,0.0,0.0,0.0,0.0,0.0,0.0,0.0,151.0,0.0
Jammi German,ATL,WR,24.0,6,0,0,0,0,0,0,0,0,0.0,0,2.0,0,0,0.0,0,0,0,0,0.0,0.0,0.0,0.0,0.0,0.0,0.0,165.0,0.0
Scott Greene,IND,RB,26.0,5,0,0,0,0,0,0,0,0,0.0,0,1.0,1,2,2.0,0,0,0,0,0.0,0.0,0.0,1.2,1.2,0.7,0.0,147.0,0.0
Rich Griffith,JAX,TE,29.0,7,0,0,0,0,0,0,0,0,0.0,0,0.0,0,0,0.0,0,0,0,0,0.0,0.0,0.0,0.0,0.0,0.0,0.0,90.0,0.0
Karl Hankton,PHI,WR,28.0,10,0,0,0,0,0,0,1,-4,-4.0,0,3.0,0,0,0.0,0,0,0,0,0.0,0.0,0.0,-0.4,-0.4,-0.4,0.0,175.0,0.0
Terry Hardy,ARI,TE,22.0,9,0,0,0,0,0,0,0,0,0.0,0,1.0,0,0,0.0,0,0,0,0,0.0,0.0,0.0,0.0,0.0,0.0,0.0,91.0,0.0
Aaron Hayden,PHI,RB,25.0,1,0,0,0,0,0,0,0,0,0.0,0,0.0,0,0,0.0,0,0,0,0,0.0,0.0,0.0,0.0,0.0,0.0,0.0,152.0,0.0
Jarius Hayes,ARI,TE,25.0,16,0,0,0,0,0,0,0,0,0.0,0,0.0,0,0,0.0,0,0,0,0,0.0,0.0,0.0,0.0,0.0,0.0,0.0,92.0,0.0
Chris Hetherington,IND,FB,26.0,14,1,0,0,0,0,0,0,0,0.0,0,0.0,0,0,0.0,0,1,0,0,0.0,0.0,0.0,0.0,0.0,0.0,0.0,153.0,0.0
Kevin Hickman,DET,TE,27.0,3,0,0,0,0,0,0,0,0,0.0,0,0.0,0,0,0.0,0,0,0,0,0.0,0.0,0.0,0.0,0.0,0.0,0.0,93.0,0.0
Mitch Jacoby,STL,TE,25.0,5,0,0,0,0,0,0,0,0,0.0,0,0.0,0,0,0.0,0,0,0,0,0.0,0.0,0.0,0.0,0.0,0.0,0.0,94.0,0.0
James Jenkins,WAS,TE,31.0,16,4,0,0,0,0,0,0,0,0.0,0,3.0,0,0,0.0,0,0,0,0,0.0,0.0,0.0,0.0,0.0,0.0,0.0,95.0,0.0
Alonzo Johnson,NOR,WR,25.0,1,0,0,0,0,0,0,0,0,0.0,0,2.0,0,0,0.0,0,0,0,0,0.0,0.0,0.0,0.0,0.0,0.0,0.0,166.0,0.0
Carlos King,PIT,RB,25.0,1,0,0,0,0,0,0,0,0,0.0,0,0.0,0,0,0.0,0,0,0,0,0.0,0.0,0.0,0.0,0.0,0.0,0.0,154.0,0.0
Jim Kitts,2TM,RB,26.0,5,0,0,0,0,0,0,0,0,0.0,0,0.0,0,0,0.0,0,0,0,0,0.0,0.0,0.0,0.0,0.0,0.0,0.0,155.0,0.0
Anthony Ladd,NWE,WR,25.0,3,0,0,0,0,0,0,0,0,0.0,0,10.0,0,0,0.0,0,0,0,0,0.0,0.0,0.0,0.0,0.0,0.0,0.0,167.0,0.0
Chad Lewis,PHI,TE,27.0,2,0,0,0,0,0,0,0,0,0.0,0,0.0,0,0,0.0,0,0,0,0,0.0,0.0,0.0,0.0,0.0,0.0,0.0,96.0,0.0
Harper LeBel,BAL,TE,35.0,5,0,0,0,0,0,0,0,0,0.0,0,0.0,0,0,0.0,0,1,0,0,0.0,0.0,0.0,0.0,0.0,0.0,0.0,97.0,0.0
Kamil Loud,BUF,WR,22.0,5,0,0,0,0,0,0,0,0,0.0,0,2.0,0,0,0.0,0,0,0,0,0.0,0.0,0.0,0.0,0.0,0.0,0.0,168.0,0.0
Anthony Lynn,DEN,RB,30.0,16,0,0,0,0,0,0,0,0,0.0,0,0.0,0,0,0.0,0,0,0,0,0.0,0.0,0.0,0.0,0.0,0.0,0.0,156.0,0.0
Brian Manning,GNB,WR,23.0,3,0,0,0,0,0,0,0,0,0.0,0,0.0,0,0,0.0,0,0,0,0,0.0,0.0,0.0,0.0,0.0,0.0,0.0,169.0,0.0
LeShai Maston,WAS,RB,28.0,1,0,0,0,0,0,0,0,0,0.0,0,0.0,0,0,0.0,0,0,0,0,0.0,0.0,0.0,0.0,0.0,0.0,0.0,157.0,0.0
Kaipo McGuire,IND,WR,24.0,1,0,0,0,0,0,0,0,0,0.0,0,0.0,0,0,0.0,0,0,0,0,0.0,0.0,0.0,0.0,0.0,0.0,0.0,170.0,0.0
Jerris McPhail,DET,RB,26.0,3,0,0,0,0,0,0,0,0,0.0,0,0.0,0,0,0.0,0,0,0,0,0.0,0.0,0.0,0.0,0.0,0.0,0.0,158.0,0.0
AJ Ofodile,BAL,TE,25.0,5,0,0,0,0,0,0,0,0,0.0,0,0.0,0,0,0.0,0,0,0,0,0.0,0.0,0.0,0.0,0.0,0.0,0.0,98.0,0.0
Brock Olivo,DET,RB,22.0,1,0,0,0,0,0,0,0,0,0.0,0,0.0,0,0,0.0,0,0,0,0,0.0,0.0,0.0,0.0,0.0,0.0,0.0,159.0,0.0
Alfred Pupunu,NYG,TE,29.0,9,0,0,0,0,0,0,0,0,0.0,0,2.0,1,2,2.0,0,0,0,0,0.0,0.0,0.0,1.2,1.2,0.7,0.0,85.0,0.0
Mike Quinn,DAL,QB,24.0,3,0,1,1,10,0,0,5,-6,-1.2,0,0.0,0,0,0.0,0,0,0,0,0.0,0.0,0.0,-0.2,-0.2,-0.2,0.0,74.0,0.0
Latario Rachal,SDG,WR,25.0,11,0,0,0,0,0,0,0,0,0.0,0,1.0,0,0,0.0,0,4,0,0,0.0,0.0,0.0,0.0,0.0,0.0,0.0,171.0,0.0
Travis Reece,DET,RB,23.0,3,0,0,0,0,0,0,0,0,0.0,0,0.0,0,0,0.0,0,0,0,0,0.0,0.0,0.0,0.0,0.0,0.0,0.0,160.0,0.0
Mike Reed,PHI,RB,23.0,4,0,0,0,0,0,0,0,0,0.0,0,0.0,0,0,0.0,0,0,0,0,0.0,0.0,0.0,0.0,0.0,0.0,0.0,161.0,0.0
Wally Richardson,BAL,QB,24.0,1,0,1,2,1,0,0,1,0,0.0,0,0.0,0,0,0.0,0,1,0,0,0.0,0.0,0.0,0.0,0.0,0.0,0.0,72.0,0.0
Brian Roche,KAN,TE,25.0,4,1,0,0,0,0,0,0,0,0.0,0,1.0,0,0,0.0,0,0,0,0,0.0,0.0,0.0,0.0,0.0,0.0,0.0,99.0,0.0
Rod Rutledge,NWE,TE,23.0,16,4,0,0,0,0,0,0,0,0.0,0,0.0,0,0,0.0,0,0,0,0,0.0,0.0,0.0,0.0,0.0,0.0,0.0,100.0,0.0
Troy Sadowski,JAX,TE,33.0,5,0,0,0,0,0,0,0,0,0.0,0,0.0,0,0,0.0,0,0,0,0,0.0,0.0,0.0,0.0,0.0,0.0,0.0,101.0,0.0
Freddie Scott,IND,WR,24.0,1,0,0,0,0,0,0,0,0,0.0,0,0.0,0,0,0.0,0,0,0,0,0.0,0.0,0.0,0.0,0.0,0.0,0.0,172.0,0.0
Harold Shaw,NWE,RB,24.0,11,0,0,0,0,0,0,0,0,0.0,0,0.0,0,0,0.0,0,0,0,0,0.0,0.0,0.0,0.0,0.0,0.0,0.0,162.0,0.0
Ed Smith,ATL,TE,29.0,15,0,0,0,0,0,0,0,0,0.0,0,1.0,0,0,0.0,0,0,0,0,0.0,0.0,0.0,0.0,0.0,0.0,0.0,102.0,0.0
Nicky Sualua,DAL,RB,23.0,16,0,0,0,0,0,0,0,0,0.0,0,1.0,0,0,0.0,0,0,0,0,0.0,0.0,0.0,0.0,0.0,0.0,0.0,163.0,0.0
Willy Tate,KAN,TE,26.0,1,0,0,0,0,0,0,0,0,0.0,0,0.0,0,0,0.0,0,0,0,0,0.0,0.0,0.0,0.0,0.0,0.0,0.0,103.0,0.0
Corey Thomas,DET,WR,23.0,1,0,0,0,0,0,0,0,0,0.0,0,0.0,0,0,0.0,0,0,0,0,0.0,0.0,0.0,0.0,0.0,0.0,0.0,173.0,0.0
David Thompson,STL,RB,23.0,1,0,0,0,0,0,0,0,0,0.0,0,0.0,0,0,0.0,0,0,0,0,0.0,0.0,0.0,0.0,0.0,0.0,0.0,164.0,0.0
Tamarick Vanover,KAN,WR,24.0,12,0,0,0,0,0,0,2,1,0.5,0,0.0,0,0,0.0,0,2,0,0,0.0,0.0,0.0,0.1,0.1,0.1,0.0,159.0,0.0
Alex Van Pelt,BUF,QB,28.0,1,0,0,0,0,0,0,1,-1,-1.0,0,0.0,0,0,0.0,0,0,0,0,0.0,0.0,0.0,-0.1,-0.1,-0.1,0.0,73.0,0.0
Jermaine Williams,OAK,RB,25.0,10,0,0,0,0,0,0,0,0,0.0,0,2.0,0,0,0.0,0,0,0,0,0.0,0.0,0.0,0.0,0.0,0.0,0.0,165.0,0.0
Robert Wilson,SEA,WR,24.0,16,0,0,0,0,0,0,0,0,0.0,0,1.0,0,0,0.0,0,0,0,0,0.0,0.0,0.0,0.0,0.0,0.0,0.0,174.0,0.0
Duane Young,BUF,TE,30.0,4,0,0,0,0,0,0,0,0,0.0,0,0.0,0,0,0.0,0,0,0,0,0.0,0.0,0.0,0.0,0.0,0.0,0.0,104.0,0.0
Zack Crockett,2TM,FB,26.0,12,2,0,0,0,0,0,2,5,2.5,0,4.0,2,5,2.5,0,1,1,0,0.0,0.0,-1.0,1.0,2.0,0.0,0.0,167.0,0.0
Jay Fiedler,MIN,QB,27.0,5,0,3,7,41,0,1,4,-6,-1.5,0,0.0,0,0,0.0,0,0,0,0,0.0,0.0,-1.0,-1.0,0.0,0.0,0.0,77.0,0.0
Ronald Moore,MIA,RB,28.0,1,1,0,0,0,0,0,4,12,3.0,0,1.0,1,1,1.0,0,1,1,0,0.0,0.0,-1.0,0.3,1.3,-0.2,0.0,166.0,0.0
Aaron Bailey,IND,WR,27.0,9,0,0,0,0,0,0,0,0,0.0,0,0.0,0,0,0.0,0,2,1,0,0.0,0.0,-2.0,-2.0,-1.0,-2.0,0.0,176.0,0.0
Brian Griese,DEN,QB,23.0,1,0,1,3,2,0,1,4,-4,-1.0,0,0.0,0,0,0.0,0,1,0,0,0.0,0.0,-2.0,-2.3,-1.3,-1.3,0.0,78.0,0.0
Qadry Ismail,NOR,WR,28.0,10,1,0,0,0,0,0,0,0,0.0,0,4.0,0,0,0.0,0,2,1,0,0.0,0.0,-2.0,-2.0,-1.0,-2.0,0.0,177.0,0.0
Winslow Oliver,CAR,RB,25.0,16,0,0,0,0,0,0,0,0,0.0,0,0.0,0,0,0.0,0,1,1,0,0.0,0.0,-2.0,-2.0,-1.0,-2.0,0.0,168.0,0.0
Rodney Williams,OAK,WR,25.0,1,0,0,0,0,0,0,0,0,0.0,0,0.0,0,0,0.0,0,1,1,0,0.0,0.0,-2.0,-2.0,-1.0,-2.0,0.0,178.0,0.0
Steve Walsh,TAM,QB,32.0,5,0,9,19,58,0,3,0,0,0.0,0,0.0,0,0,0.0,0,0,0,0,0.0,0.0,-4.0,-3.7,-0.7,-0.7,0.0,79.0,0.0
